id,True_value
Id_6252,106782.984
Id_4684,117806.8584
Id_1731,72225.384
Id_4742,27646.08
Id_4521,148164.1392
Id_6340,197857.968
Id_576,62800.584
Id_5202,91103.2584
Id_6363,207314.184
Id_439,100436.952
Id_2750,62203.68
Id_7487,37667.784
Id_5272,119349.384
Id_5653,59674.692
Id_3999,83220.984
Id_6033,37067.7384
Id_582,62800.584
Id_9930,78508.584
Id_7051,179008.368
Id_8158,53404.0584
Id_9896,25101.384
Id_2249,69083.784
Id_4640,119349.384
Id_9485,46747.008
Id_4947,175898.184
Id_9920,87933.384
Id_1963,202601.784
Id_8243,56196.9408
Id_6590,75366.984
Id_8847,94175.7432
Id_321,93585.1224
Id_2678,175923.3168
Id_4625,56196.9408
Id_4949,97348.7592
Id_8328,100499.784
Id_3337,59338.5408
Id_5589,75366.984
Id_251,78382.92
Id_3973,33772.2
Id_6630,139769.784
Id_5547,83220.984
Id_35,210135.3408
Id_8362,65910.768
Id_1513,486916.584
Id_9317,367529.5008
Id_39,93896.1408
Id_4819,91074.984
Id_3465,125192.76
Id_1760,43709.0808
Id_2304,119349.384
Id_3723,34554.4584
Id_8284,81678.4584
Id_4993,175577.7408
Id_8127,75335.568
Id_3032,128664.228
Id_7938,116207.784
Id_3039,109798.92
Id_9655,84760.368
Id_2545,34526.184
Id_2592,94090.92
Id_1188,144466.476
Id_7966,970402.5408
Id_6077,29842.0584
Id_107,116207.784
Id_1315,117103.14
Id_8187,150765.384
Id_2753,84791.784
Id_9753,21988.0584
Id_6231,169643.2584
Id_2876,50262.4584
Id_5323,81650.184
Id_799,80079.384
Id_3570,97358.184
Id_2894,115862.208
Id_2927,223022.184
Id_8178,62800.584
Id_971,106782.984
Id_6687,18846.4584
Id_8575,53391.492
Id_2020,181364.568
Id_9054,364394.184
Id_952,367535.784
Id_5359,68486.88
Id_3857,69083.784
Id_5861,157048.584
Id_3145,72253.6584
Id_3305,56517.384
Id_3006,84471.3408
Id_9001,94244.8584
Id_7770,37542.12
Id_7438,58119.6
Id_7942,109924.584
Id_9238,109924.584
Id_1056,37667.784
Id_3154,78467.7432
Id_3787,188464.584
Id_9189,254422.476
Id_7825,68141.304
Id_7539,25129.6584
Id_7231,157048.584
Id_764,128453.7408
Id_5019,152364.4584
Id_4903,18846.4584
Id_8093,131915.784
Id_6843,75046.5408
Id_2165,122170.5408
Id_1862,65910.768
Id_7850,288675.3408
Id_9123,56517.384
Id_2340,56533.092
Id_5527,43950.984
Id_6743,116207.784
Id_4003,125312.1408
Id_1123,367529.5008
Id_8709,40837.6584
Id_4049,81650.184
Id_7640,204172.584
Id_765,200434.08
Id_2344,36096.984
Id_4071,47092.584
Id_7216,47108.292
Id_4216,144450.768
Id_7952,128648.52
Id_5970,36096.984
Id_3350,40837.6584
Id_4695,34541.892
Id_3399,186076.968
Id_4081,62674.92
Id_9149,62800.584
Id_1224,53375.784
Id_6292,81650.184
Id_3122,47092.584
Id_510,106804.9752
Id_5794,61851.8208
Id_8181,75395.2584
Id_9417,53375.784
Id_96,147648.9168
Id_6681,84471.3408
Id_1512,53375.784
Id_8791,103641.384
Id_119,165813.648
Id_7791,117806.8584
Id_6517,270146.184
Id_33,160190.184
Id_7887,116207.784
Id_6830,59658.984
Id_5421,182181.384
Id_1068,103405.764
Id_1347,50234.184
Id_4747,84446.208
Id_6005,40212.48
Id_6039,34541.892
Id_3817,131915.784
Id_8446,37667.784
Id_5269,62816.292
Id_6897,50262.4584
Id_5309,78188.1408
Id_31,125657.7168
Id_5674,87933.384
Id_4386,216738.984
Id_29,125632.584
Id_4202,53375.784
Id_7507,121894.08
Id_735,94216.584
Id_2067,65967.3168
Id_106,75046.5408
Id_9644,43950.984
Id_8894,81665.892
Id_8020,199460.184
Id_2232,62800.584
Id_993,87933.384
Id_9412,75366.984
Id_7058,119349.384
Id_6789,43966.692
Id_360,241551.3408
Id_304,386385.384
Id_2627,59533.32
Id_8965,84807.492
Id_4513,53375.784
Id_5910,389206.5408
Id_8313,109924.584
Id_3100,94216.584
Id_5703,131915.784
Id_3898,109604.1408
Id_5440,40787.3928
Id_7930,20417.2584
Id_621,115862.208
Id_7235,75046.5408
Id_2498,84820.0584
Id_713,166489.092
Id_8403,169636.9752
Id_2855,94216.584
Id_4269,92639.5008
Id_2908,116207.784
Id_8080,25117.092
Id_4516,247212.504
Id_1261,97037.7408
Id_3160,119349.384
Id_970,75241.32
Id_3912,97232.52
Id_5198,53375.784
Id_8846,28211.568
Id_259,87933.384
Id_3790,150444.9408
Id_9202,46024.44
Id_487,28242.984
Id_7907,116236.0584
Id_518,94216.584
Id_8342,56171.808
Id_311,112940.52
Id_3231,53375.784
Id_7932,34526.184
Id_7457,106782.984
Id_9783,91090.692
Id_5183,46772.1408
Id_8076,56517.384
Id_6501,83158.152
Id_6790,87961.6584
Id_7772,116207.784
Id_2737,47092.584
Id_7841,25101.384
Id_6261,172734.5928
Id_8205,292131.1008
Id_1247,116207.784
Id_9335,41940.36
Id_4194,47108.292
Id_8000,77911.68
Id_7377,84059.7912
Id_3434,52464.72
Id_5381,146084.4
Id_958,172316.76
Id_416,29845.2
Id_5741,75046.5408
Id_6727,157048.584
Id_4381,93547.4232
Id_5196,43950.984
Id_1112,85859.928
Id_2688,131944.0584
Id_6472,28242.984
Id_8819,40834.5168
Id_7807,125632.584
Id_3410,65942.184
Id_80,37070.88
Id_4613,78508.584
Id_1373,81650.184
Id_1509,175898.184
Id_6442,21834.12
Id_3070,113066.184
Id_3015,72241.092
Id_4822,78508.584
Id_7821,213597.384
Id_92,157048.584
Id_9420,69083.784
Id_6599,75241.32
Id_4442,52464.72
Id_7601,37667.784
Id_3834,81618.768
Id_9701,160127.352
Id_4321,304502.7216
Id_3393,144513.6
Id_4751,75395.2584
Id_7228,59658.984
Id_9190,28271.2584
Id_2360,87961.6584
Id_1147,75046.5408
Id_5665,43979.2584
Id_8074,182181.384
Id_4942,91074.984
Id_3662,40809.384
Id_1562,517735.68
Id_4112,50234.184
Id_9049,65621.7408
Id_9275,119377.6584
Id_8537,81650.184
Id_794,53356.9344
Id_5853,160190.184
Id_7618,135057.384
Id_1593,116198.3592
Id_7417,61261.2
Id_5266,128742.768
Id_7146,611983.68
Id_88,113066.184
Id_8694,147303.3408
Id_9731,73827.6
Id_9445,72225.384
Id_6753,94216.584
Id_3501,25129.6584
Id_2233,47120.8584
Id_2802,94216.584
Id_4423,257573.5008
Id_5662,83220.984
Id_7169,125632.584
Id_8336,78188.1408
Id_2147,141340.584
Id_7968,122490.984
Id_6550,94153.752
Id_7642,34554.4584
Id_6163,62800.584
Id_1494,78524.292
Id_7695,91074.984
Id_7093,52119.144
Id_1408,87933.384
Id_6690,45550.0584
Id_3400,131595.3408
Id_108,56517.384
Id_5635,21834.12
Id_8481,81650.184
Id_6603,62800.584
Id_1090,152838.84
Id_5559,109949.7168
Id_9411,75125.0808
Id_8142,61261.2
Id_8663,117103.14
Id_6595,124193.7312
Id_623,970402.5408
Id_6870,46850.6808
Id_4813,141340.584
Id_6552,34205.7408
Id_7529,75366.984
Id_5795,43950.984
Id_7436,90729.408
Id_4217,21639.3408
Id_5940,51836.4
Id_8500,109924.584
Id_6428,83220.984
Id_6826,94216.584
Id_4130,53404.0584
Id_7801,106811.2584
Id_7753,56517.384
Id_4721,62800.584
Id_1650,254431.9008
Id_4140,72253.6584
Id_1617,103669.6584
Id_2029,84760.368
Id_8517,62800.584
Id_4575,147303.3408
Id_3992,125632.584
Id_7376,185002.5408
Id_6149,106804.9752
Id_4908,62800.584
Id_5026,59533.32
Id_8260,187867.68
Id_4731,26288.9088
Id_7548,84477.624
Id_8134,245013.384
Id_1606,47092.584
Id_4773,119349.384
Id_8109,50234.184
Id_6951,100179.3408
Id_6004,109915.1592
Id_7728,91074.984
Id_3541,77424.732
Id_388,92677.2
Id_1794,83158.152
Id_8731,21975.492
Id_4919,40837.6584
Id_5537,103641.384
Id_3872,42703.7688
Id_8868,81650.184
Id_2254,71904.9408
Id_3412,257579.784
Id_5459,90949.32
Id_4955,125660.8584
Id_7396,94248.0
Id_5414,49319.9784
Id_7399,18818.184
Id_7414,78508.584
Id_9100,116207.784
Id_4851,100499.784
Id_2025,125632.584
Id_2615,91074.984
Id_7388,78508.584
Id_2926,31368.876
Id_1121,49913.7408
Id_2910,131915.784
Id_8146,103641.384
Id_7383,34526.184
Id_3482,232475.2584
Id_795,91737.8616
Id_1575,38745.3528
Id_6176,31064.1408
Id_6266,172756.584
Id_2458,28242.984
Id_3312,125632.584
Id_1253,72225.384
Id_6834,150733.968
Id_8794,84791.784
Id_3837,113094.4584
Id_4398,136628.184
Id_3595,125632.584
Id_6621,408345.168
Id_8382,213597.384
Id_2124,106782.984
Id_3238,62800.584
Id_5403,125629.4424
Id_5998,40809.384
Id_5938,40809.384
Id_2045,75995.304
Id_1578,18846.4584
Id_14,42408.4584
Id_2673,138198.984
Id_7016,62125.14
Id_8720,81603.06
Id_8849,61851.8208
Id_4812,122490.984
Id_1084,78382.92
Id_4983,133075.0344
Id_7155,138198.984
Id_2884,43979.2584
Id_333,197889.384
Id_7204,100185.624
Id_4367,99588.72
Id_3079,72225.384
Id_7203,53133.8808
Id_9909,141340.584
Id_8864,37667.784
Id_263,47120.8584
Id_4337,113094.4584
Id_8895,75326.1432
Id_8447,73824.4584
Id_5903,150765.384
Id_1498,219535.008
Id_4190,43966.692
Id_7485,204172.584
Id_9643,144482.184
Id_8310,47092.584
Id_7590,40809.384
Id_500,72225.384
Id_9155,65621.7408
Id_9414,87606.6576
Id_3095,20420.4
Id_4631,43966.692
Id_367,91737.8616
Id_4058,100499.784
Id_8174,229330.5168
Id_4630,131915.784
Id_6070,153906.984
Id_2664,65596.608
Id_1026,69083.784
Id_5908,80977.8816
Id_5050,80079.384
Id_6328,197889.384
Id_9733,59338.5408
Id_1691,56517.384
Id_673,78382.92
Id_5572,192159.1056
Id_5766,142848.552
Id_5156,53030.208
Id_733,345544.584
Id_3526,62769.168
Id_568,62480.1408
Id_9187,106811.2584
Id_2922,135073.092
Id_7911,185322.984
Id_1558,73796.184
Id_101,40837.6584
Id_3007,78508.584
Id_7201,78508.584
Id_303,119349.384
Id_76,47124.0
Id_6754,157048.584
Id_8629,53404.0584
Id_1208,91074.984
Id_7742,34541.892
Id_8214,91074.984
Id_8944,106782.984
Id_8413,75046.5408
Id_1775,135073.092
Id_3473,84791.784
Id_483,72225.384
Id_2189,172756.584
Id_346,90258.168
Id_5481,65596.608
Id_8361,91074.984
Id_1472,81650.184
Id_5100,31400.292
Id_6765,157048.584
Id_8706,62800.584
Id_4929,169574.1432
Id_6329,71282.904
Id_2609,72225.384
Id_3,141214.92
Id_2213,131915.784
Id_4827,34526.184
Id_856,87933.384
Id_6977,125632.584
Id_5885,40837.6584
Id_624,69083.784
Id_290,72225.384
Id_2018,81603.06
Id_668,69083.784
Id_8921,28271.2584
Id_8264,92991.36
Id_9696,367463.5272
Id_1631,125660.8584
Id_5170,31412.8584
Id_7205,37070.88
Id_2522,75395.2584
Id_2215,147623.784
Id_6968,28258.692
Id_6496,87949.092
Id_6213,65973.6
Id_7032,21981.7752
Id_7420,139644.12
Id_1107,31400.292
Id_450,50234.184
Id_6289,75395.2584
Id_9966,28242.984
Id_135,60789.96
Id_1785,40840.8
Id_3404,56077.56
Id_2906,87949.092
Id_8304,80079.384
Id_7492,72225.384
Id_6100,75366.984
Id_4504,150733.968
Id_5053,109604.1408
Id_5205,304383.3408
Id_4080,18378.36
Id_6918,142911.384
Id_6802,47120.8584
Id_5206,87933.384
Id_532,65596.608
Id_4830,75366.984
Id_4038,65942.184
Id_4084,87933.384
Id_3204,56517.384
Id_7110,25129.6584
Id_330,172756.584
Id_4957,157048.584
Id_3033,263539.3992
Id_7684,18692.52
Id_1597,31384.584
Id_9919,106782.984
Id_3597,212152.248
Id_9038,131944.0584
Id_8001,115862.208
Id_590,153906.984
Id_647,78508.584
Id_9102,30787.68
Id_8015,87949.092
Id_3771,78163.008
Id_9039,73796.184
Id_5082,196318.584
Id_7882,106782.984
Id_9362,87933.384
Id_4210,40809.384
Id_8834,103641.384
Id_8699,78508.584
Id_1795,185322.984
Id_2586,69112.0584
Id_8355,78524.292
Id_2316,43950.984
Id_4185,62800.584
Id_8827,109924.584
Id_7072,24504.48
Id_5234,53404.0584
Id_8743,72253.6584
Id_8670,72225.384
Id_4768,103320.9408
Id_9972,91059.276
Id_7144,131915.784
Id_2913,103657.092
Id_9871,87933.384
Id_9893,75366.984
Id_2075,94216.584
Id_4302,100528.0584
Id_5822,18221.28
Id_2149,87933.384
Id_144,150765.384
Id_4963,131915.784
Id_8159,125312.1408
Id_9030,62674.92
Id_4775,40837.6584
Id_8933,100179.3408
Id_7749,125632.584
Id_9828,125632.584
Id_9214,78477.168
Id_6060,77424.732
Id_9475,43966.692
Id_6409,49907.4576
Id_3317,53404.0584
Id_7464,135057.384
Id_3061,34205.7408
Id_1355,166501.6584
Id_4514,113066.184
Id_5505,181798.1088
Id_5250,144482.184
Id_4511,153906.984
Id_1730,116207.784
Id_1758,109798.92
Id_6650,127863.12
Id_6646,144482.184
Id_9860,43950.984
Id_4139,23530.584
Id_9393,54566.4504
Id_5123,123254.3928
Id_0,34541.892
Id_1864,160190.184
Id_543,94216.584
Id_349,75366.984
Id_6906,135057.384
Id_9765,125632.584
Id_2523,137878.5408
Id_3464,50249.892
Id_457,141340.584
Id_3023,40809.384
Id_7261,80079.384
Id_9515,47092.584
Id_7872,75068.532
Id_6625,93933.84
Id_2534,138198.984
Id_131,34554.4584
Id_3704,93619.68
Id_1372,50234.184
Id_6200,144482.184
Id_4856,43950.984
Id_4712,166643.0304
Id_5544,37385.04
Id_1413,199114.608
Id_4113,179061.7752
Id_655,46966.92
Id_8137,113066.184
Id_4098,122365.32
Id_592,131915.784
Id_8708,69083.784
Id_3123,59687.2584
Id_3047,184726.08
Id_3887,185040.24
Id_5735,112708.0416
Id_2184,235588.584
Id_2145,116082.12
Id_7047,216767.2584
Id_3105,93933.84
Id_9233,78536.8584
Id_9096,179008.368
Id_2769,53375.784
Id_5221,65313.864
Id_5833,279288.24
Id_1732,131915.784
Id_265,78382.92
Id_5144,24780.9408
Id_8267,106462.5408
Id_3937,138198.984
Id_761,37667.784
Id_7220,59674.692
Id_8439,172436.1408
Id_3257,196073.5392
Id_4338,69083.784
Id_4362,157048.584
Id_316,65593.4664
Id_8069,134981.9856
Id_1851,94216.584
Id_2484,59338.5408
Id_9873,203852.1408
Id_9574,128774.184
Id_1078,56517.384
Id_8358,50234.184
Id_7333,31368.876
Id_1071,153906.984
Id_103,53375.784
Id_5748,59658.984
Id_1418,128774.184
Id_1658,76686.456
Id_5284,86362.584
Id_1149,216738.984
Id_7150,100499.784
Id_1568,77613.228
Id_1087,141340.584
Id_6085,106776.7008
Id_8674,147623.784
Id_8341,81665.892
Id_7811,87961.6584
Id_6084,128774.184
Id_8773,119349.384
Id_8757,84760.368
Id_1692,87933.384
Id_4734,71537.3736
Id_3387,78382.92
Id_3646,68763.3408
Id_1683,31384.584
Id_8,84791.784
Id_6062,69083.784
Id_6516,87958.5168
Id_4123,36109.5504
Id_8729,206993.7408
Id_6045,119223.72
Id_567,722536.584
Id_9161,81665.892
Id_1803,81665.892
Id_8501,97044.024
Id_4900,141340.584
Id_1599,109940.292
Id_7931,247212.504
Id_9547,131915.784
Id_2823,75046.5408
Id_5467,43950.984
Id_3529,113094.4584
Id_8683,128742.768
Id_1155,69083.784
Id_6547,87587.808
Id_9088,128453.7408
Id_7620,15704.8584
Id_8296,91071.8424
Id_4540,116207.784
Id_9134,109952.8584
Id_6482,55920.48
Id_5826,37667.784
Id_1190,106782.984
Id_7444,342082.5408
Id_8520,72225.384
Id_960,115705.128
Id_7454,47108.292
Id_36,91074.984
Id_7516,75335.568
Id_7644,84807.492
Id_4438,56517.384
Id_6161,204169.4424
Id_7744,147623.784
Id_9587,25129.6584
Id_8119,98928.984
Id_6967,20417.2584
Id_5718,69112.0584
Id_577,47092.584
Id_9833,153935.2584
Id_4102,37696.0584
Id_7646,65942.184
Id_4151,125192.76
Id_3130,47092.584
Id_4890,106657.32
Id_9975,84750.9432
Id_7471,141340.584
Id_1833,47108.292
Id_9148,90754.5408
Id_4891,81650.184
Id_2287,53375.784
Id_1330,34526.184
Id_2771,75382.692
Id_3686,106723.2936
Id_8283,37667.784
Id_5928,103641.384
Id_637,40809.384
Id_47,43979.2584
Id_2602,112745.7408
Id_1965,100179.3408
Id_2168,23530.584
Id_5049,93274.104
Id_3334,65942.184
Id_3019,141340.584
Id_8764,106811.2584
Id_9176,128664.228
Id_1360,34554.4584
Id_5798,136628.184
Id_9400,100499.784
Id_3251,147498.12
Id_6300,84760.368
Id_2251,163331.784
Id_6027,21956.6424
Id_1175,276429.384
Id_8799,188464.584
Id_3279,91737.8616
Id_2973,31400.292
Id_3396,37667.784
Id_6939,53391.492
Id_965,52778.88
Id_8574,71465.1168
Id_742,153906.984
Id_7514,112375.032
Id_3314,109952.8584
Id_4898,78508.584
Id_9340,40809.384
Id_4672,94244.8584
Id_8618,81678.4584
Id_1217,100217.04
Id_4397,210455.784
Id_6080,91074.984
Id_2614,50234.184
Id_2620,37683.492
Id_8714,69115.2
Id_7282,40809.384
Id_3379,62800.584
Id_7301,72225.384
Id_9857,109327.68
Id_5605,113066.184
Id_9813,40809.384
Id_5786,116207.784
Id_8518,272480.3928
Id_6850,219880.584
Id_1516,194402.208
Id_5098,62203.68
Id_7636,153310.08
Id_9085,40809.384
Id_8023,357410.4072
Id_2392,15704.8584
Id_586,51051.0
Id_3519,81650.184
Id_7653,78508.584
Id_8946,226192.0584
Id_850,111520.5168
Id_335,54509.9016
Id_6634,59687.2584
Id_8972,39109.7784
Id_7493,106776.7008
Id_2868,84194.88
Id_4872,109029.228
Id_3550,113094.4584
Id_3842,78508.584
Id_7262,81650.184
Id_5824,100528.0584
Id_23,97373.892
Id_1453,47472.7176
Id_1684,43950.984
Id_2310,28242.984
Id_9063,75395.2584
Id_9406,87933.384
Id_381,43709.0808
Id_5814,109924.584
Id_5550,43950.984
Id_9308,116207.784
Id_1618,53375.784
Id_789,193176.984
Id_5983,496372.8
Id_8672,31412.8584
Id_4475,37683.492
Id_5606,125632.584
Id_9312,103320.9408
Id_5648,116207.784
Id_6216,43950.984
Id_2286,157076.8584
Id_9993,721939.68
Id_7578,23558.8584
Id_1183,103669.6584
Id_6001,119223.72
Id_5090,75395.2584
Id_2516,91074.984
Id_4122,68763.3408
Id_5521,48412.056
Id_5627,43950.984
Id_8360,56517.384
Id_5872,182181.384
Id_8612,56517.384
Id_7727,50259.3168
Id_5968,31384.584
Id_1180,31412.8584
Id_8762,138198.984
Id_8235,75046.5408
Id_2818,84194.88
Id_9964,200996.4264
Id_8703,157048.584
Id_6608,119349.384
Id_2820,157048.584
Id_7535,20417.2584
Id_2260,80107.6584
Id_2239,122490.984
Id_6021,112563.528
Id_782,106782.984
Id_932,117103.14
Id_6202,31384.584
Id_2412,150639.72
Id_6997,135057.384
Id_9115,31384.584
Id_1156,40133.94
Id_8107,120935.892
Id_5805,47108.292
Id_4879,92645.784
Id_3309,134931.72
Id_8961,51563.0808
Id_1702,307499.808
Id_2492,65942.184
Id_3706,94216.584
Id_8276,84791.784
Id_286,210455.784
Id_1608,40837.6584
Id_6631,75125.0808
Id_8278,109924.584
Id_7315,78508.584
Id_2252,68958.12
Id_7415,59687.2584
Id_8365,69112.0584
Id_1891,122490.984
Id_5062,54509.9016
Id_6120,113930.124
Id_563,113066.184
Id_291,219868.0176
Id_4716,125657.7168
Id_7708,46495.68
Id_6349,122484.7008
Id_169,125287.008
Id_267,94216.584
Id_4638,140988.7248
Id_7077,40809.384
Id_3355,25101.384
Id_8279,84791.784
Id_315,56545.6584
Id_6728,138198.984
Id_9495,68486.88
Id_4067,59687.2584
Id_245,53404.0584
Id_252,100493.5008
Id_1111,97373.892
Id_4801,69083.784
Id_1713,100179.3408
Id_50,87933.384
Id_1835,46495.68
Id_7896,62800.584
Id_3383,82840.8504
Id_6410,136628.184
Id_4313,313531.68
Id_872,69077.5008
Id_1254,65973.6
Id_8881,157048.584
Id_5851,147498.12
Id_5702,141368.8584
Id_8103,210455.784
Id_2098,103641.384
Id_5128,67512.984
Id_248,125648.292
Id_6561,179039.784
Id_1339,166033.56
Id_7017,24755.808
Id_2110,39094.0704
Id_1569,109924.584
Id_1726,73868.4408
Id_8384,172756.584
Id_6940,142848.552
Id_4395,109924.584
Id_2420,40061.6832
Id_3045,62800.584
Id_5503,46370.016
Id_3703,134931.72
Id_8191,62828.8584
Id_5331,178339.2072
Id_9808,84509.04
Id_447,72225.384
Id_7894,122490.984
Id_8728,94216.584
Id_7828,43950.984
Id_1768,94216.584
Id_6808,62674.92
Id_4704,175577.7408
Id_3869,34526.184
Id_1655,84791.784
Id_3187,139449.3408
Id_683,65942.184
Id_4170,84471.3408
Id_4477,25101.384
Id_461,157048.584
Id_5764,136628.184
Id_7522,166152.9408
Id_4502,103657.092
Id_9709,205083.648
Id_318,47092.584
Id_1145,69105.7752
Id_5094,9409.092
Id_1393,40777.968
Id_6623,200905.32
Id_1501,75382.692
Id_6408,69083.784
Id_376,54946.584
Id_410,90949.32
Id_1660,106782.984
Id_3151,392668.584
Id_1623,137878.5408
Id_5609,147498.12
Id_8532,160190.184
Id_5802,34523.0424
Id_5306,28258.692
Id_7086,65596.608
Id_8897,91074.984
Id_7488,14922.6
Id_9615,84477.624
Id_9217,53375.784
Id_1672,116207.784
Id_2358,87933.384
Id_8467,113059.9008
Id_274,93619.68
Id_2473,40809.384
Id_5489,68873.2968
Id_4771,47108.292
Id_2107,75046.5408
Id_7500,75366.984
Id_4414,169269.408
Id_8138,216418.5408
Id_8660,175577.7408
Id_8239,122490.984
Id_2417,43966.692
Id_8771,47120.8584
Id_2236,29845.2
Id_3767,114734.3736
Id_9791,87933.384
Id_9989,207314.184
Id_9965,257573.5008
Id_7323,103641.384
Id_1383,40809.384
Id_3101,78524.292
Id_3921,197917.6584
Id_6685,47108.292
Id_3194,94244.8584
Id_1941,135057.384
Id_7713,91074.984
Id_4896,138198.984
Id_4782,72225.384
Id_1496,40589.472
Id_1957,87961.6584
Id_9171,65816.52
Id_9745,122506.692
Id_7332,166432.5432
Id_7949,28258.692
Id_3017,131595.3408
Id_6746,103044.48
Id_513,78508.584
Id_3934,125648.292
Id_3025,37667.784
Id_1199,140988.7248
Id_5028,69112.0584
Id_9784,18846.4584
Id_921,135057.384
Id_4649,84791.784
Id_5332,56171.808
Id_1076,172756.584
Id_6768,91074.984
Id_9410,62674.92
Id_1671,75043.3992
Id_474,56545.6584
Id_9186,84791.784
Id_8839,131538.792
Id_5758,115921.8984
Id_6297,117700.044
Id_2478,109952.8584
Id_5493,113097.6
Id_3914,103641.384
Id_2138,134736.9408
Id_5454,138198.984
Id_5379,196073.5392
Id_8985,84791.784
Id_4023,69077.5008
Id_3485,47120.8584
Id_2455,204172.584
Id_2464,219908.8584
Id_8696,91074.984
Id_1369,204046.92
Id_6688,217398.72
Id_7456,91103.2584
Id_9974,33772.2
Id_1901,90707.4168
Id_4871,40809.384
Id_4710,33897.864
Id_7886,197917.6584
Id_1793,56517.384
Id_2874,51836.4
Id_6217,169636.9752
Id_5213,106782.984
Id_2245,100499.784
Id_1741,81675.3168
Id_1020,101935.4952
Id_705,29842.0584
Id_4294,81650.184
Id_5576,153906.984
Id_7166,121828.1064
Id_8177,40809.384
Id_908,103515.72
Id_5193,31384.584
Id_3077,213597.384
Id_9366,135057.384
Id_594,50262.4584
Id_5304,117700.044
Id_440,166347.72
Id_7606,50234.184
Id_4092,75241.32
Id_6134,31412.8584
Id_10,188464.584
Id_3776,53375.784
Id_8999,128774.184
Id_3708,106782.984
Id_3780,50234.184
Id_93,31368.876
Id_9239,122170.5408
Id_3949,125632.584
Id_5785,75046.5408
Id_4870,65942.184
Id_4802,125632.584
Id_4867,78536.8584
Id_292,15692.292
Id_7888,43950.984
Id_7405,59338.5408
Id_5595,51836.4
Id_2886,47108.292
Id_6454,100217.04
Id_2542,53375.784
Id_1765,21205.8
Id_6800,87933.384
Id_1877,150765.384
Id_1981,69083.784
Id_9729,125632.584
Id_9608,53375.784
Id_2685,47092.584
Id_8930,84791.784
Id_3458,97037.7408
Id_4541,87933.384
Id_2178,75052.824
Id_4450,18221.28
Id_3859,282712.584
Id_7623,135057.384
Id_7654,47092.584
Id_4519,156728.1408
Id_2517,144482.184
Id_4836,90754.5408
Id_2885,46747.008
Id_7281,84666.12
Id_6255,141331.1592
Id_4539,87933.384
Id_5639,17247.384
Id_9459,87933.384
Id_3481,28242.984
Id_1277,78508.584
Id_3146,81665.892
Id_8262,84820.0584
Id_3205,106437.408
Id_9892,57488.1384
Id_2742,213597.384
Id_6076,72184.5432
Id_4047,92422.7304
Id_5731,147498.12
Id_2945,37542.12
Id_5790,69083.784
Id_6794,112987.644
Id_6543,72225.384
Id_700,62800.584
Id_3574,28271.2584
Id_7699,125632.584
Id_2515,100499.784
Id_3000,156728.1408
Id_5820,71904.9408
Id_8581,72225.384
Id_3684,106462.5408
Id_2995,101473.68
Id_4252,110898.48
Id_3411,263862.984
Id_7962,69083.784
Id_6309,59658.984
Id_8611,68801.04
Id_5012,83503.728
Id_7750,179039.784
Id_5979,40055.4
Id_4048,84471.3408
Id_4899,47120.8584
Id_1318,69083.784
Id_9772,138170.7096
Id_9137,100179.3408
Id_7142,64387.092
Id_1897,116207.784
Id_7465,103339.7904
Id_603,78508.584
Id_2846,116207.784
Id_8207,112186.536
Id_393,53404.0584
Id_4436,113066.184
Id_9447,21975.492
Id_7234,148164.1392
Id_5398,83158.152
Id_95,81650.184
Id_1662,74069.5032
Id_8970,169614.984
Id_5130,279599.2584
Id_1488,56517.384
Id_8316,32955.384
Id_2707,149194.584
Id_1595,81650.184
Id_9277,81408.2808
Id_2377,81524.52
Id_5140,94216.584
Id_6147,43966.692
Id_8241,31384.584
Id_3948,150080.5152
Id_3933,62455.008
Id_4797,135057.384
Id_4372,84446.208
Id_9862,25129.6584
Id_8242,142848.552
Id_3448,119371.3752
Id_2943,216738.984
Id_2465,90792.24
Id_8582,196858.9392
Id_5506,87612.9408
Id_2698,50234.184
Id_2447,61261.2
Id_19,113094.4584
Id_2748,43950.984
Id_5399,157708.32
Id_8078,200434.08
Id_6871,62455.008
Id_4708,75326.1432
Id_9476,83220.984
Id_809,204204.0
Id_7477,18818.184
Id_2273,376363.68
Id_1923,317270.184
Id_1470,134388.2232
Id_7934,178914.12
Id_7407,47092.584
Id_2406,91074.984
Id_1142,219880.584
Id_1747,37667.784
Id_5709,59338.5408
Id_4975,113066.184
Id_7300,78382.92
Id_8148,292131.1008
Id_2833,17247.384
Id_3131,92677.2
Id_1310,247212.504
Id_8650,105205.9008
Id_6774,113066.184
Id_6756,109924.584
Id_620,37696.0584
Id_2701,62769.168
Id_2199,112940.52
Id_6196,181882.932
Id_8824,53404.0584
Id_1046,94244.8584
Id_5768,43354.08
Id_9947,21959.784
Id_9019,65957.892
Id_743,20417.2584
Id_222,241620.456
Id_3149,78163.008
Id_625,43950.984
Id_9334,56545.6584
Id_7566,59658.984
Id_4582,91103.2584
Id_5711,109940.292
Id_3284,112469.28
Id_7585,84791.784
Id_9646,241620.456
Id_1530,61261.2
Id_9685,122490.984
Id_353,109924.584
Id_2474,100179.3408
Id_8013,75354.4176
Id_6475,75125.0808
Id_6449,81665.892
Id_239,37667.784
Id_2625,18846.4584
Id_9786,141340.584
Id_7198,73796.184
Id_7692,75366.984
Id_2997,87612.9408
Id_6440,72225.384
Id_4562,139656.6864
Id_8614,18846.4584
Id_1479,43950.984
Id_1018,46747.008
Id_3094,94216.584
Id_6182,87933.384
Id_4960,131915.784
Id_8492,59687.2584
Id_1103,62800.584
Id_6081,72225.384
Id_9525,72225.384
Id_5190,31400.292
Id_4181,75366.984
Id_4467,147623.784
Id_1626,62800.584
Id_6717,62769.168
Id_3798,102098.8584
Id_3053,50234.184
Id_2867,98960.4
Id_1432,150765.384
Id_7983,159869.7408
Id_9346,62800.584
Id_9419,254419.3344
Id_4076,69083.784
Id_217,84364.5264
Id_3555,102098.8584
Id_7936,313531.68
Id_8421,59674.692
Id_1034,65942.184
Id_3773,78508.584
Id_4132,21205.8
Id_2335,87612.9408
Id_6492,62828.8584
Id_1482,109924.584
Id_906,83236.692
Id_6088,27803.16
Id_6466,185322.984
Id_5676,147303.3408
Id_2770,34526.184
Id_1805,36125.2584
Id_7374,78524.292
Id_2114,91074.984
Id_4534,94216.584
Id_2531,78508.584
Id_8525,175898.184
Id_3470,93896.1408
Id_1402,69083.784
Id_852,72225.384
Id_3082,91103.2584
Id_8024,252700.8792
Id_7565,376363.68
Id_5529,125648.292
Id_7854,68763.3408
Id_4932,43950.984
Id_5159,92865.696
Id_9715,21830.9784
Id_3846,89504.184
Id_6483,100499.784
Id_747,72225.384
Id_3034,119349.384
Id_347,76937.784
Id_3351,75366.984
Id_2864,73796.184
Id_2167,53375.784
Id_6954,103657.092
Id_6209,72225.384
Id_2777,50234.184
Id_1441,72225.384
Id_5657,182209.6584
Id_9657,37683.492
Id_3027,181860.9408
Id_6117,191285.7408
Id_2483,21830.9784
Id_2882,61851.8208
Id_5561,81678.4584
Id_763,37667.784
Id_6481,34526.184
Id_1616,70686.0
Id_1222,122490.984
Id_8664,34554.4584
Id_6221,37070.88
Id_1576,65970.4584
Id_9391,106723.2936
Id_6350,15704.8584
Id_3782,94232.292
Id_4374,722536.584
Id_708,72225.384
Id_509,135038.5344
Id_2954,98913.276
Id_7537,43979.2584
Id_6338,106500.24
Id_8922,71942.64
Id_7063,113094.4584
Id_7162,150765.384
Id_7371,90949.32
Id_6828,34526.184
Id_3615,276429.384
Id_4656,65970.4584
Id_6975,50262.4584
Id_4350,122490.984
Id_711,97719.468
Id_6478,178097.304
Id_9129,122512.9752
Id_8204,100499.784
Id_9203,116207.784
Id_712,94216.584
Id_9112,34526.184
Id_1245,36125.2584
Id_9785,147246.792
Id_6848,75366.984
Id_5133,125632.584
Id_715,150724.5432
Id_3463,3769.92
Id_4394,61254.9168
Id_4568,23558.8584
Id_8803,86362.584
Id_8489,100499.784
Id_7701,59533.32
Id_212,131595.3408
Id_9767,47092.584
Id_6838,47092.584
Id_1010,50234.184
Id_323,81678.4584
Id_5396,38745.3528
Id_5990,100374.12
Id_3172,84791.784
Id_334,43950.984
Id_8305,109924.584
Id_2210,71942.64
Id_4271,156728.1408
Id_6740,250976.1408
Id_233,84760.368
Id_5950,21928.368
Id_5737,18846.4584
Id_7921,116082.12
Id_2348,307499.808
Id_2036,78508.584
Id_7484,204172.584
Id_6006,43197.0
Id_4553,75366.984
Id_8072,21975.492
Id_1458,75241.32
Id_3288,94248.0
Id_3064,125660.8584
Id_9436,116082.12
Id_774,204169.4424
Id_6832,128742.768
Id_871,247834.5408
Id_8749,109952.8584
Id_1263,26700.4584
Id_4833,119349.384
Id_3894,92652.0672
Id_6323,170840.208
Id_9212,78508.584
Id_7019,40809.384
Id_1220,137916.24
Id_1446,52464.72
Id_3184,100499.784
Id_408,47092.584
Id_4344,94216.584
Id_3021,210135.3408
Id_2303,247212.504
Id_6271,34400.52
Id_8280,56517.384
Id_6641,34400.52
Id_6955,122145.408
Id_2109,100499.784
Id_5351,75366.984
Id_9683,137878.5408
Id_8343,194622.12
Id_4549,21959.784
Id_1880,47092.584
Id_5945,40809.384
Id_1737,87612.9408
Id_7793,141340.584
Id_5212,157048.584
Id_3208,47092.584
Id_7082,106782.984
Id_2055,43966.692
Id_1688,62800.584
Id_4779,59533.32
Id_7475,141340.584
Id_7876,59687.2584
Id_6749,74471.628
Id_8555,71904.9408
Id_8122,69083.784
Id_6990,50249.892
Id_8266,141309.168
Id_8539,40809.384
Id_3392,62455.008
Id_6325,210455.784
Id_3528,84791.784
Id_4604,47092.584
Id_7023,28242.984
Id_6321,21959.784
Id_745,75366.984
Id_710,78524.292
Id_379,115893.624
Id_8782,169608.7008
Id_3011,87961.6584
Id_8858,68763.3408
Id_7152,46652.76
Id_8566,106782.984
Id_3497,109893.168
Id_3889,27960.24
Id_4484,207342.4584
Id_4011,72253.6584
Id_2619,40809.384
Id_6670,109924.584
Id_6512,298420.584
Id_3467,45835.944
Id_1313,139449.3408
Id_8605,87933.384
Id_2069,112893.396
Id_2982,62800.584
Id_5914,68958.12
Id_9170,78524.292
Id_1285,135057.384
Id_8990,100179.3408
Id_8429,137878.5408
Id_1349,37278.2256
Id_2611,77424.732
Id_9494,157048.584
Id_3668,119349.384
Id_2221,65942.184
Id_427,21944.076
Id_653,50249.892
Id_9913,87587.808
Id_3535,54509.9016
Id_7736,37667.784
Id_3245,45550.0584
Id_4740,80079.384
Id_9068,106500.24
Id_4099,45521.784
Id_4100,139644.12
Id_6959,28242.984
Id_611,91090.692
Id_4288,170840.208
Id_8570,40133.94
Id_9712,27897.408
Id_1543,101473.68
Id_9535,40212.48
Id_3853,94216.584
Id_554,172756.584
Id_6365,144510.4584
Id_511,130549.188
Id_3206,147623.784
Id_8084,78508.584
Id_967,165373.824
Id_6043,163206.12
Id_6879,156765.84
Id_6775,62800.584
Id_3295,78508.584
Id_8701,47120.8584
Id_3429,100499.784
Id_8870,94216.584
Id_6962,149257.416
Id_2088,103641.384
Id_8499,119349.384
Id_6162,97358.184
Id_3210,36125.2584
Id_9200,207314.184
Id_6605,43979.2584
Id_1109,197763.72
Id_5728,72225.384
Id_7829,200685.408
Id_1038,119028.9408
Id_1194,141340.584
Id_4474,87612.9408
Id_9874,196858.9392
Id_2122,34526.184
Id_4982,37667.784
Id_8973,100499.784
Id_5700,18818.184
Id_934,172756.584
Id_6101,213597.384
Id_4689,97358.184
Id_394,106751.568
Id_4685,87933.384
Id_8776,113094.4584
Id_9165,75366.984
Id_5980,47092.584
Id_9942,137878.5408
Id_2191,113066.184
Id_1297,182181.384
Id_5044,34516.7592
Id_1162,23404.92
Id_4254,101473.68
Id_6372,69083.784
Id_1527,69083.784
Id_4342,56545.6584
Id_2030,102070.584
Id_3060,78508.584
Id_58,150765.384
Id_2405,62800.584
Id_5006,78188.1408
Id_6157,53133.8808
Id_7375,54566.4504
Id_4506,59658.984
Id_5214,276429.384
Id_6029,29845.2
Id_1780,247834.5408
Id_5447,24504.48
Id_4606,116207.784
Id_6914,31412.8584
Id_676,84471.3408
Id_3582,144450.768
Id_3653,119349.384
Id_7920,141277.752
Id_9499,21988.0584
Id_2732,182181.384
Id_4787,36125.2584
Id_2754,50234.184
Id_2337,40809.384
Id_3643,87933.384
Id_7737,37696.0584
Id_5516,117103.14
Id_5246,125632.584
Id_866,188464.584
Id_4447,87336.48
Id_5071,94216.584
Id_4881,122490.984
Id_9510,31412.8584
Id_3002,125601.168
Id_2225,43944.7008
Id_9056,56517.384
Id_4826,552890.184
Id_7621,24347.4
Id_9689,160127.352
Id_5500,47120.8584
Id_9700,113094.4584
Id_8478,3769.92
Id_5502,119349.384
Id_1210,315306.684
Id_9083,71904.9408
Id_2288,141340.584
Id_2183,34526.184
Id_2862,43966.692
Id_6861,157048.584
Id_2362,51585.072
Id_8463,81650.184
Id_6332,144482.184
Id_4064,75125.0808
Id_9546,156728.1408
Id_617,65596.608
Id_3281,34554.4584
Id_5226,71904.9408
Id_3397,69115.2
Id_3065,46747.008
Id_766,56196.9408
Id_7078,50249.892
Id_5279,56545.6584
Id_4149,147278.208
Id_1144,138073.32
Id_4248,56517.384
Id_4110,91074.984
Id_462,125660.8584
Id_2932,91074.984
Id_4623,47108.292
Id_3813,181798.1088
Id_6308,75125.0808
Id_4341,75395.2584
Id_5300,216738.984
Id_6804,34526.184
Id_3282,62480.1408
Id_2574,84791.784
Id_7961,59671.5504
Id_7879,84471.3408
Id_828,128774.184
Id_6486,106782.984
Id_7599,266684.1408
Id_2540,184977.408
Id_5746,69083.784
Id_8526,113094.4584
Id_9566,156860.088
Id_3742,87961.6584
Id_7498,78508.584
Id_3524,70679.7168
Id_20,92639.5008
Id_1915,31412.8584
Id_6571,282744.0
Id_9018,56234.64
Id_2012,65935.9008
Id_5405,84791.784
Id_1295,46495.68
Id_3745,112893.396
Id_591,81650.184
Id_1406,65942.184
Id_221,91049.8512
Id_5617,109641.84
Id_6248,188464.584
Id_4418,47120.8584
Id_858,263856.7008
Id_1783,25129.6584
Id_7259,204172.584
Id_6856,210455.784
Id_1954,62800.584
Id_1746,313531.68
Id_3132,116082.12
Id_8036,94216.584
Id_8850,144482.184
Id_994,43950.984
Id_6108,78536.8584
Id_730,84465.0576
Id_6974,83535.144
Id_6273,122170.5408
Id_6751,90518.9208
Id_3509,50234.184
Id_3533,113094.4584
Id_2513,141340.584
Id_5436,15676.584
Id_3625,25101.384
Id_465,100499.784
Id_6755,122170.5408
Id_6759,138198.984
Id_7991,204141.168
Id_157,75366.984
Id_3960,147623.784
Id_8832,84791.784
Id_5470,72253.6584
Id_185,219880.584
Id_1002,125632.584
Id_9508,140929.0344
Id_5623,34526.184
Id_400,81650.184
Id_6240,187867.68
Id_8940,153935.2584
Id_9932,43919.568
Id_7342,90405.8232
Id_9832,94216.584
Id_8466,84477.624
Id_8756,34526.184
Id_7958,18818.184
Id_1250,65970.4584
Id_3143,46055.856
Id_7430,122170.5408
Id_59,50262.4584
Id_7855,94216.584
Id_1113,69099.492
Id_3057,136628.184
Id_9569,65957.892
Id_1328,119349.384
Id_4995,122170.5408
Id_6682,245013.384
Id_2072,75395.2584
Id_4793,62480.1408
Id_6829,47108.292
Id_9629,47061.168
Id_8218,119066.64
Id_7567,109861.752
Id_5922,232098.2664
Id_1550,87933.384
Id_1009,94175.7432
Id_3755,226163.784
Id_8681,78508.584
Id_9342,106782.984
Id_8009,50108.52
Id_3860,40809.384
Id_3148,72225.384
Id_2519,34554.4584
Id_3127,43354.08
Id_9084,273287.784
Id_5316,62800.584
Id_1195,87336.48
Id_9050,65942.184
Id_879,182181.384
Id_6989,34554.4584
Id_2487,144435.06
Id_2840,21205.8
Id_4329,53375.784
Id_2930,40809.384
Id_6424,31412.8584
Id_2485,56511.1008
Id_5747,93896.1408
Id_883,94216.584
Id_4914,139644.12
Id_6210,94238.5752
Id_9578,86645.328
Id_211,109846.044
Id_2275,98866.152
Id_2328,43950.984
Id_4950,77245.6608
Id_3319,21975.492
Id_9834,101473.68
Id_4607,86362.584
Id_1438,206560.2
Id_467,40806.2424
Id_5466,166473.384
Id_3329,116207.784
Id_5828,122490.984
Id_8607,47092.584
Id_696,56517.384
Id_7267,24755.808
Id_9144,94090.92
Id_8180,81650.184
Id_9938,68738.208
Id_1314,310390.08
Id_2301,69112.0584
Id_2039,21947.2176
Id_7108,119107.4808
Id_3666,56517.384
Id_914,101542.7952
Id_12,53372.6424
Id_8583,24975.72
Id_6427,40809.384
Id_1536,50234.184
Id_736,179039.784
Id_8201,28271.2584
Id_8652,103044.48
Id_453,52464.72
Id_4345,43605.408
Id_927,144482.184
Id_6291,84760.368
Id_8281,200361.8232
Id_8722,125632.584
Id_6473,103669.6584
Id_37,138189.5592
Id_5770,108322.368
Id_2554,117103.14
Id_7632,31384.584
Id_9998,94216.584
Id_6620,250976.1408
Id_940,119066.64
Id_7398,116207.784
Id_6128,62203.68
Id_9829,40212.48
Id_2680,28258.692
Id_4354,72225.384
Id_3058,62828.8584
Id_7880,40809.384
Id_738,56545.6584
Id_538,21205.8
Id_3325,172316.76
Id_4239,196318.584
Id_1400,34526.184
Id_4046,72225.384
Id_5137,295216.152
Id_4229,91074.984
Id_4191,56517.384
Id_9142,109930.8672
Id_5538,31412.8584
Id_2692,87933.384
Id_5340,199460.184
Id_9917,94216.584
Id_7670,97232.52
Id_9173,47092.584
Id_1807,61229.784
Id_5111,125312.1408
Id_3989,43979.2584
Id_3455,116207.784
Id_2907,72225.384
Id_6651,65942.184
Id_8287,172725.168
Id_6244,56533.092
Id_2697,75366.984
Id_4016,103641.384
Id_4339,43950.984
Id_4645,34554.4584
Id_7739,90949.32
Id_7091,34526.184
Id_4692,103044.48
Id_1739,78508.584
Id_5406,116082.12
Id_4588,43605.408
Id_3125,87949.092
Id_2157,179008.368
Id_5333,147648.9168
Id_8636,50249.892
Id_1825,28242.984
Id_4230,304383.3408
Id_3487,122490.984
Id_9053,14294.28
Id_9768,111520.5168
Id_3647,87933.384
Id_5902,252700.8792
Id_6385,47092.584
Id_5638,72225.384
Id_6423,150759.1008
Id_7826,21988.0584
Id_7743,78508.584
Id_3012,56517.384
Id_7671,153906.984
Id_9548,150765.384
Id_9977,106782.984
Id_3080,100468.368
Id_3520,122519.2584
Id_4978,163331.784
Id_7619,106782.984
Id_4347,68958.12
Id_8440,47092.584
Id_1346,109893.168
Id_7087,81650.184
Id_8947,71911.224
Id_5651,138073.32
Id_8081,75366.984
Id_1791,25129.6584
Id_7428,100154.208
Id_9579,76966.0584
Id_9959,48694.8
Id_2270,100499.784
Id_9766,219403.0608
Id_2955,101473.68
Id_3443,43350.9384
Id_7735,188492.8584
Id_833,193176.984
Id_6498,135073.092
Id_2991,21614.208
Id_7792,87958.5168
Id_2150,62816.292
Id_4022,94090.92
Id_7614,75046.5408
Id_6123,81618.768
Id_3338,75125.0808
Id_4343,62828.8584
Id_4463,28242.984
Id_2375,51563.0808
Id_9043,181364.568
Id_5570,25129.6584
Id_8598,43636.824
Id_8503,125632.584
Id_8879,69112.0584
Id_1886,24780.9408
Id_1197,94216.584
Id_6426,100499.784
Id_8910,84477.624
Id_2935,112940.52
Id_6341,103641.384
Id_1429,125312.1408
Id_6306,94244.8584
Id_3649,721939.68
Id_1937,188492.8584
Id_5171,21988.0584
Id_7763,50218.476
Id_6392,97358.184
Id_1153,172734.5928
Id_6249,68873.2968
Id_7036,21947.2176
Id_4228,153906.984
Id_4974,80079.384
Id_6400,122506.692
Id_3639,72225.384
Id_3971,56517.384
Id_9593,150765.384
Id_3375,84760.368
Id_2486,56545.6584
Id_6953,99742.6584
Id_605,200996.4264
Id_7443,26857.5384
Id_5927,144513.6
Id_2453,37696.0584
Id_3608,106657.32
Id_1483,50249.892
Id_4518,119377.6584
Id_3037,62800.584
Id_9351,144482.184
Id_7691,238133.28
Id_4115,131915.784
Id_1426,103641.384
Id_496,43605.408
Id_3352,157048.584
Id_8793,175898.184
Id_758,109924.584
Id_837,174955.704
Id_4326,87961.6584
Id_2127,88875.864
Id_1022,241551.3408
Id_8761,62800.584
Id_5613,34526.184
Id_5580,28271.2584
Id_1057,47108.292
Id_9541,94090.92
Id_6855,87650.64
Id_7348,34526.184
Id_9044,34526.184
Id_2128,84791.784
Id_2766,43950.984
Id_2108,69083.784
Id_3616,73824.4584
Id_1544,103641.384
Id_6913,106782.984
Id_1718,125632.584
Id_7434,53055.3408
Id_7364,75125.0808
Id_6234,43919.568
Id_724,47092.584
Id_6672,72225.384
Id_8028,47120.8584
Id_5491,23558.8584
Id_1127,47120.8584
Id_2956,439195.68
Id_5155,72140.5608
Id_4816,131915.784
Id_6201,157048.584
Id_6223,90949.32
Id_8685,53404.0584
Id_7113,73868.4408
Id_5274,141340.584
Id_8535,75395.2584
Id_3043,131944.0584
Id_6911,25129.6584
Id_149,21959.784
Id_7573,149194.584
Id_4205,91103.2584
Id_5492,46747.008
Id_2689,72225.384
Id_4220,122490.984
Id_9101,199114.608
Id_841,106782.984
Id_8136,94090.92
Id_6437,219497.3088
Id_9699,116236.0584
Id_6199,78524.292
Id_2794,87933.384
Id_7625,78508.584
Id_8474,65942.184
Id_7889,87336.48
Id_6607,106462.5408
Id_9194,169294.5408
Id_8247,78508.584
Id_1392,131944.0584
Id_1921,138198.984
Id_7018,50249.892
Id_3621,50234.184
Id_4848,69099.492
Id_2291,109924.584
Id_2133,72225.384
Id_550,62480.1408
Id_1740,245013.384
Id_5289,106798.692
Id_1817,100499.784
Id_4698,69083.784
Id_5181,189108.612
Id_3018,34526.184
Id_17,21988.0584
Id_1770,106500.24
Id_1888,125632.584
Id_2152,40809.384
Id_1642,105243.6
Id_7846,103672.8
Id_4193,109940.292
Id_9432,34526.184
Id_8898,153906.984
Id_533,78508.584
Id_132,29845.2
Id_7722,109846.044
Id_8458,26703.6
Id_964,59658.984
Id_8719,34554.4584
Id_6412,81650.184
Id_8285,144482.184
Id_7853,117433.008
Id_1095,69112.0584
Id_6929,72225.384
Id_9254,25129.6584
Id_1561,47092.584
Id_1670,210455.784
Id_6087,43950.984
Id_6669,56545.6584
Id_5933,496372.8
Id_8829,203889.84
Id_7945,141340.584
Id_3508,103672.8
Id_2002,53391.492
Id_5866,100179.3408
Id_168,172734.5928
Id_2588,150765.384
Id_5905,21362.88
Id_9529,93933.84
Id_6384,59687.2584
Id_7824,25101.384
Id_9779,46652.76
Id_4629,103515.72
Id_8560,156728.1408
Id_9291,97358.184
Id_6874,31384.584
Id_6521,65942.184
Id_8979,68486.88
Id_6647,75326.1432
Id_9825,68763.3408
Id_210,144513.6
Id_5278,121548.504
Id_1919,72140.5608
Id_718,95466.9408
Id_4868,32955.384
Id_7834,78524.292
Id_1298,37689.7752
Id_9193,109924.584
Id_4617,27897.408
Id_3128,188162.9904
Id_9795,90924.1872
Id_3979,25123.3752
Id_9924,439195.68
Id_8317,59674.692
Id_4393,150080.5152
Id_1287,124193.7312
Id_4355,120794.52
Id_7013,18846.4584
Id_3885,138198.984
Id_5749,31412.8584
Id_9169,47083.1592
Id_2407,75366.984
Id_2013,244344.2232
Id_5153,157048.584
Id_8551,72225.384
Id_4376,47108.292
Id_8822,103641.384
Id_4273,84446.208
Id_5825,125632.584
Id_6699,71220.072
Id_7243,100179.3408
Id_449,141340.584
Id_2227,50262.4584
Id_5756,106782.984
Id_810,122484.7008
Id_4180,119349.384
Id_9000,31400.292
Id_5438,72225.384
Id_7533,75366.984
Id_6369,116207.784
Id_8416,73796.184
Id_1477,386385.384
Id_1790,67512.984
Id_2008,69083.784
Id_682,128774.184
Id_2816,107756.88
Id_9431,78508.584
Id_3774,87606.6576
Id_6495,194307.96
Id_8878,138120.444
Id_7361,282712.584
Id_8366,147623.784
Id_7474,153906.984
Id_46,138198.984
Id_30,43966.692
Id_8250,75241.32
Id_6935,53250.12
Id_1468,62800.584
Id_1665,62800.584
Id_1416,51563.0808
Id_6480,122490.984
Id_4852,219896.292
Id_2470,94216.584
Id_4373,75241.32
Id_8524,138984.384
Id_429,219880.584
Id_5244,61261.2
Id_2119,94244.8584
Id_385,75366.984
Id_1945,122490.984
Id_4224,130549.188
Id_473,37667.784
Id_2129,50234.184
Id_6556,78508.584
Id_6998,28242.984
Id_1055,54946.584
Id_3274,150765.384
Id_4961,78508.584
Id_5363,81650.184
Id_5816,116207.784
Id_811,87933.384
Id_4573,34526.184
Id_6137,201313.728
Id_2388,125632.584
Id_9648,109604.1408
Id_6225,47117.7168
Id_111,106782.984
Id_8909,78508.584
Id_1745,37667.784
Id_7851,226163.784
Id_1452,125632.584
Id_319,62203.68
Id_8593,185322.984
Id_3333,87933.384
Id_1922,247212.504
Id_5865,42411.6
Id_9528,69077.5008
Id_3685,89504.184
Id_4275,42408.4584
Id_4889,21959.784
Id_5225,122490.984
Id_7472,71220.072
Id_3605,103641.384
Id_1052,141309.168
Id_4156,37070.88
Id_9676,43950.984
Id_99,86394.0
Id_7508,153935.2584
Id_1456,138198.984
Id_7688,103669.6584
Id_4004,93896.1408
Id_6866,125632.584
Id_4509,90132.504
Id_3299,87933.384
Id_3799,62800.584
Id_4281,141340.584
Id_9051,21975.492
Id_6462,187396.44
Id_7912,10992.4584
Id_1414,122365.32
Id_540,153900.7008
Id_5815,78508.584
Id_8199,139769.784
Id_3680,84791.784
Id_754,84477.624
Id_4196,128774.184
Id_2650,172159.68
Id_4522,93776.76
Id_9519,144136.608
Id_3118,100185.624
Id_3728,138198.984
Id_3886,150765.384
Id_7107,87901.968
Id_8068,40809.384
Id_7325,188464.584
Id_8483,37696.0584
Id_8767,181882.932
Id_6500,43950.984
Id_8426,131915.784
Id_7963,75366.984
Id_601,21959.784
Id_9249,144497.892
Id_8919,86362.584
Id_6814,100499.784
Id_5411,53404.0584
Id_8747,87933.384
Id_5522,128453.7408
Id_1044,56545.6584
Id_7334,106782.984
Id_1557,56545.6584
Id_3739,266684.1408
Id_3522,32955.384
Id_180,84760.368
Id_2115,125632.584
Id_1699,163806.1656
Id_1379,9421.6584
Id_7229,53133.8808
Id_9143,43950.984
Id_618,106462.5408
Id_3181,62800.584
Id_9851,439195.68
Id_1600,166347.72
Id_5963,109924.584
Id_1615,116207.784
Id_5920,99802.3488
Id_9591,72253.6584
Id_3891,47120.8584
Id_2083,92325.3408
Id_4574,103641.384
Id_5594,94216.584
Id_5121,42408.4584
Id_4587,115909.332
Id_4902,72253.6584
Id_8252,43925.8512
Id_5916,25101.384
Id_5129,103515.72
Id_8334,59658.984
Id_1918,103641.384
Id_8330,21988.0584
Id_5707,56275.4808
Id_5384,73827.6
Id_6336,131915.784
Id_2054,84549.8808
Id_7612,46772.1408
Id_9209,97326.768
Id_3963,43354.08
Id_1126,81665.892
Id_3428,59687.2584
Id_4601,157048.584
Id_3721,90446.664
Id_2389,103641.384
Id_1322,87634.932
Id_1603,69112.0584
Id_7224,141340.584
Id_7425,18846.4584
Id_4336,72099.72
Id_5593,62800.584
Id_4411,69112.0584
Id_5858,247212.504
Id_9343,103515.72
Id_3991,94216.584
Id_6079,219874.3008
Id_1559,47108.292
Id_4682,106782.984
Id_7557,310390.08
Id_3772,100374.12
Id_8779,62800.584
Id_3457,39238.584
Id_8383,100154.208
Id_1354,144161.7408
Id_45,18846.4584
Id_9872,56196.9408
Id_748,125632.584
Id_7917,138198.984
Id_4241,62800.584
Id_5628,78508.584
Id_4657,25129.6584
Id_4238,90754.5408
Id_3460,23558.8584
Id_7381,78536.8584
Id_5549,40809.384
Id_7075,53030.208
Id_5838,194741.5008
Id_8091,175891.9008
Id_5474,23558.8584
Id_3614,94216.584
Id_7501,260400.9408
Id_7053,185322.984
Id_7367,50234.184
Id_8019,156545.928
Id_9638,94216.584
Id_9055,62828.8584
Id_664,31258.92
Id_2319,56545.6584
Id_3542,329239.68
Id_3677,94185.168
Id_9599,250976.1408
Id_3091,364394.184
Id_675,78508.584
Id_8676,65621.7408
Id_4884,89190.024
Id_8079,90754.5408
Id_1962,722536.584
Id_1840,106782.984
Id_7168,50259.3168
Id_9898,84471.3408
Id_3538,252700.8792
Id_8026,59049.5136
Id_4866,72225.384
Id_4174,46966.92
Id_8088,18221.28
Id_4377,21959.784
Id_6211,78508.584
Id_4766,94216.584
Id_411,91074.984
Id_613,103641.384
Id_6126,292131.1008
Id_5210,185322.984
Id_1430,150765.384
Id_2425,87933.384
Id_8841,97358.184
Id_3833,75184.7712
Id_4718,80079.384
Id_7185,53133.8808
Id_1417,93619.68
Id_7199,84791.784
Id_604,109682.6808
Id_1272,84760.368
Id_3964,137853.408
Id_6367,179039.784
Id_8746,103320.9408
Id_247,94244.8584
Id_9226,50234.184
Id_1982,100528.0584
Id_2835,94090.92
Id_5375,160190.184
Id_199,65942.184
Id_485,342082.5408
Id_6083,67512.984
Id_8956,163331.784
Id_455,50234.184
Id_9798,157048.584
Id_8826,113059.9008
Id_6515,47120.8584
Id_1721,50262.4584
Id_7050,150759.1008
Id_6382,147623.784
Id_8165,81650.184
Id_5767,89535.6
Id_5809,122431.2936
Id_4626,42408.4584
Id_862,157048.584
Id_2094,106782.984
Id_947,147303.3408
Id_5641,43950.984
Id_1444,81650.184
Id_1280,59062.08
Id_3110,69099.492
Id_8952,40809.384
Id_7609,53375.784
Id_5135,68486.88
Id_3016,175898.184
Id_2302,131595.3408
Id_2004,75395.2584
Id_4580,87933.384
Id_8704,68273.2512
Id_1005,40809.384
Id_5138,68486.88
Id_4317,21988.0584
Id_6558,58119.6
Id_4387,78508.584
Id_2132,78508.584
Id_4265,106782.984
Id_2057,141057.84
Id_5386,122490.984
Id_229,91103.2584
Id_2889,116207.784
Id_4472,72225.384
Id_6064,46536.5208
Id_7924,197889.384
Id_7649,97358.184
Id_8381,69083.784
Id_209,25129.6584
Id_2758,53133.8808
Id_8471,80079.384
Id_2948,37667.784
Id_7116,276429.384
Id_6330,141340.584
Id_1728,91074.984
Id_4176,69083.784
Id_337,86984.6208
Id_4984,69115.2
Id_6878,24755.808
Id_7248,166498.5168
Id_8452,125387.5392
Id_1226,100499.784
Id_7608,31258.92
Id_6827,18846.4584
Id_3540,109952.8584
Id_5868,31412.8584
Id_2111,282740.8584
Id_2691,197889.384
Id_7153,91059.276
Id_3707,138198.984
Id_1017,50234.184
Id_8511,40809.384
Id_2807,109924.584
Id_5015,53375.784
Id_1928,163268.952
Id_350,97358.184
Id_5173,72225.384
Id_4192,103515.72
Id_1934,9409.092
Id_6901,80739.12
Id_4823,31412.8584
Id_564,100528.0584
Id_1582,31384.584
Id_4694,116207.784
Id_2175,53375.784
Id_7028,103201.56
Id_4880,47092.584
Id_2228,185322.984
Id_1115,53375.784
Id_3126,43950.984
Id_3544,119349.384
Id_5048,78536.8584
Id_7476,367535.784
Id_821,91074.984
Id_6532,46850.6808
Id_2272,87901.968
Id_5545,40837.6584
Id_81,34554.4584
Id_1323,50234.184
Id_9405,153906.984
Id_1614,153935.2584
Id_831,84791.784
Id_3883,53030.208
Id_8641,42373.9008
Id_4464,122490.984
Id_5339,87933.384
Id_8066,84791.784
Id_1649,94216.584
Id_4065,175898.184
Id_9665,34541.892
Id_3038,93871.008
Id_3320,47092.584
Id_7143,87619.224
Id_6889,56234.64
Id_5092,113066.184
Id_3720,59687.2584
Id_2423,141365.7168
Id_749,94216.584
Id_5271,25117.092
Id_2373,43950.984
Id_4693,112987.644
Id_9879,71911.224
Id_8370,62480.1408
Id_7319,69083.784
Id_4368,84791.784
Id_6785,157076.8584
Id_7401,46966.92
Id_1139,56454.552
Id_7631,59658.984
Id_2231,46966.92
Id_2164,56517.384
Id_5217,47092.584
Id_9444,59687.2584
Id_9237,40809.384
Id_4561,87933.384
Id_1570,56517.384
Id_172,103044.48
Id_7163,82840.8504
Id_2087,295216.152
Id_4667,179008.368
Id_4565,122490.984
Id_7089,50234.184
Id_6569,80079.384
Id_4783,68738.208
Id_2684,94244.8584
Id_1832,156728.1408
Id_8546,94216.584
Id_5065,28242.984
Id_9130,392668.584
Id_9355,78188.1408
Id_4412,147652.0584
Id_7207,108378.9168
Id_9890,188464.584
Id_834,43944.7008
Id_6821,100528.0584
Id_3781,39238.584
Id_9012,69083.784
Id_7499,125648.292
Id_3424,218309.784
Id_65,87933.384
Id_2963,75366.984
Id_5669,75366.984
Id_8962,75366.984
Id_354,78524.292
Id_8171,47092.584
Id_4030,34526.184
Id_8534,43950.984
Id_3651,43950.984
Id_6739,122145.408
Id_3297,75995.304
Id_4127,157048.584
Id_8043,40809.384
Id_4767,23876.16
Id_472,37696.0584
Id_3761,188144.1408
Id_8617,97358.184
Id_3566,69083.784
Id_2760,50234.184
Id_868,31412.8584
Id_9382,87949.092
Id_8688,81650.184
Id_4052,53133.8808
Id_6130,84791.784
Id_3244,125632.584
Id_4842,81329.7408
Id_9330,78524.292
Id_5640,150444.9408
Id_5780,62800.584
Id_8540,81650.184
Id_1075,59687.2584
Id_2957,53375.784
Id_6752,141340.584
Id_8657,26665.9008
Id_7272,134736.9408
Id_4759,125632.584
Id_4862,219908.8584
Id_7025,157048.584
Id_7647,272480.3928
Id_7161,106782.984
Id_73,59533.32
Id_4901,186485.376
Id_4375,179039.784
Id_6698,28211.568
Id_9805,181238.904
Id_1101,213597.384
Id_9537,100217.04
Id_7655,188162.9904
Id_5235,163645.944
Id_5165,100528.0584
Id_118,84791.784
Id_2022,62203.68
Id_9885,112940.52
Id_2638,91074.984
Id_2034,94216.584
Id_2564,18378.36
Id_8665,131944.0584
Id_3543,93896.1408
Id_1219,122490.984
Id_9714,279599.2584
Id_6711,83563.4184
Id_2903,207314.184
Id_3026,78508.584
Id_2510,80079.384
Id_4201,122490.984
Id_3207,329239.68
Id_4489,40806.2424
Id_2755,18692.52
Id_8889,84791.784
Id_177,69083.784
Id_1643,140988.7248
Id_9292,24975.72
Id_3518,65967.3168
Id_1374,76937.784
Id_1720,112893.396
Id_3995,75366.984
Id_3688,28271.2584
Id_2264,172756.584
Id_87,91074.984
Id_2848,34400.52
Id_8687,78382.92
Id_403,81329.7408
Id_9900,31258.92
Id_4077,93933.84
Id_6835,169636.9752
Id_6537,109952.8584
Id_2456,106782.984
Id_2751,91059.276
Id_2214,175898.184
Id_1027,25123.3752
Id_9703,389206.5408
Id_1421,47076.876
Id_2436,89504.184
Id_4277,53375.784
Id_9609,46806.6984
Id_1278,206560.2
Id_6220,106811.2584
Id_4907,113094.4584
Id_5064,69099.492
Id_1978,65599.7496
Id_1061,34510.476
Id_5014,138120.444
Id_4535,86865.24
Id_6993,160190.184
Id_9253,84477.624
Id_1502,28258.692
Id_8568,94216.584
Id_9314,69112.0584
Id_8836,37683.492
Id_8920,24504.48
Id_4918,56533.092
Id_678,53375.784
Id_5076,72225.384
Id_8064,28271.2584
Id_7568,75068.532
Id_102,144510.4584
Id_957,37683.492
Id_8556,94090.92
Id_3785,37070.88
Id_9630,83535.144
Id_7173,62674.92
Id_4043,153935.2584
Id_2648,125601.168
Id_6000,47092.584
Id_7927,114636.984
Id_2826,15704.8584
Id_4094,223022.184
Id_7774,75395.2584
Id_9258,92639.5008
Id_8113,40809.384
Id_4772,92639.5008
Id_1947,106782.984
Id_6109,108312.9432
Id_2299,172436.1408
Id_7844,84791.784
Id_4382,100499.784
Id_5425,25129.6584
Id_6771,100424.3856
Id_8578,72253.6584
Id_4291,133075.0344
Id_528,118972.392
Id_1233,144161.7408
Id_779,87933.384
Id_5859,116207.784
Id_3059,43966.692
Id_8587,15676.584
Id_1860,186076.968
Id_8438,71904.9408
Id_7403,84760.368
Id_4639,87336.48
Id_4250,59658.984
Id_1992,94216.584
Id_7379,40809.384
Id_7305,219880.584
Id_5303,62558.6808
Id_8192,86362.584
Id_7447,47124.0
Id_2471,53391.492
Id_7197,93871.008
Id_5312,109949.7168
Id_9035,231184.0608
Id_1396,270146.184
Id_4002,56171.808
Id_5371,122170.5408
Id_3235,69083.784
Id_1042,216142.08
Id_3298,194747.784
Id_7256,53391.492
Id_257,75366.984
Id_7286,138198.984
Id_8616,196130.088
Id_7816,12563.2584
Id_5843,62203.68
Id_2089,159294.828
Id_7702,28242.984
Id_503,72225.384
Id_5265,37667.784
Id_8814,97358.184
Id_1345,78496.0176
Id_8455,50234.184
Id_5046,237294.4728
Id_2248,100499.784
Id_4981,307499.808
Id_372,47108.292
Id_8454,28242.984
Id_3370,51804.984
Id_2006,103657.092
Id_3656,112940.52
Id_8327,78508.584
Id_7521,103641.384
Id_4001,109915.1592
Id_6072,119028.9408
Id_8736,109924.584
Id_997,61261.2
Id_8179,18692.52
Id_3290,144510.4584
Id_1176,75376.4088
Id_551,93588.264
Id_744,125632.584
Id_7223,87958.5168
Id_4554,266684.1408
Id_2859,37667.784
Id_8820,59687.2584
Id_3459,28242.984
Id_2724,153935.2584
Id_6847,100528.0584
Id_7615,78508.584
Id_7547,169294.5408
Id_9174,137869.116
Id_6393,59658.984
Id_5358,51585.072
Id_9488,148164.1392
Id_2968,78508.584
Id_693,185040.24
Id_2533,113094.4584
Id_6399,106723.2936
Id_982,86394.0
Id_5364,109915.1592
Id_79,99871.464
Id_4053,59687.2584
Id_6258,94216.584
Id_9576,97358.184
Id_9025,25129.6584
Id_3107,62816.292
Id_3601,28242.984
Id_6073,84791.784
Id_8126,119349.384
Id_2142,81665.892
Id_6310,87933.384
Id_2268,68958.12
Id_445,50262.4584
Id_4883,25101.384
Id_4466,226157.5008
Id_9026,100499.784
Id_6632,40837.6584
Id_3316,131944.0584
Id_1701,78524.292
Id_2526,37667.784
Id_68,125632.584
Id_1168,282712.584
Id_48,24347.4
Id_1053,94185.168
Id_4029,46420.2816
Id_880,20420.4
Id_2651,34284.2808
Id_7759,172756.584
Id_2439,65942.184
Id_4924,34541.892
Id_1467,103609.968
Id_7292,23404.92
Id_5035,130549.188
Id_2441,156665.3088
Id_6554,131915.784
Id_230,128799.3168
Id_1320,254023.4928
Id_41,47092.584
Id_777,109924.584
Id_8950,47029.752
Id_8404,53404.0584
Id_1729,88875.864
Id_3910,122490.984
Id_579,116207.784
Id_9941,156728.1408
Id_5839,169614.984
Id_8271,137878.5408
Id_7275,88875.864
Id_1491,119349.384
Id_9109,106782.984
Id_5610,106751.568
Id_61,144356.52
Id_5471,34554.4584
Id_3905,37696.0584
Id_6531,100499.784
Id_402,131633.04
Id_332,43944.7008
Id_2084,26672.184
Id_9557,43950.984
Id_164,135057.384
Id_4379,116207.784
Id_2715,53375.784
Id_8923,87952.2336
Id_7346,47108.292
Id_5453,62455.008
Id_7046,25129.6584
Id_1334,70660.8672
Id_8698,18846.4584
Id_1659,78508.584
Id_3578,50234.184
Id_753,73796.184
Id_6584,75366.984
Id_706,157048.584
Id_3014,87933.384
Id_8558,157048.584
Id_9875,24780.9408
Id_9582,119349.384
Id_8928,103669.6584
Id_9556,62800.584
Id_8983,97358.184
Id_1834,72253.6584
Id_2996,62828.8584
Id_5427,68273.2512
Id_3879,87933.384
Id_7156,116207.784
Id_5081,47120.8584
Id_9114,115516.632
Id_7244,56517.384
Id_5400,112745.7408
Id_5395,153906.984
Id_9427,75366.984
Id_2246,93616.5384
Id_835,25129.6584
Id_8394,153935.2584
Id_9042,295278.984
Id_432,122484.7008
Id_3378,147623.784
Id_6817,106462.5408
Id_8131,40837.6584
Id_9621,94216.584
Id_6066,19949.16
Id_1193,81665.892
Id_6934,103339.7904
Id_5461,100179.3408
Id_3071,263862.984
Id_3044,82840.8504
Id_3263,116236.0584
Id_2729,50234.184
Id_3433,122490.984
Id_433,109604.1408
Id_3272,40809.384
Id_7001,291791.808
Id_9726,276429.384
Id_104,68958.12
Id_3315,109877.46
Id_1656,203852.1408
Id_1533,156608.76
Id_4680,87961.6584
Id_8813,128799.3168
Id_9002,53375.784
Id_6622,131915.784
Id_1443,41940.36
Id_214,131595.3408
Id_5356,25129.6584
Id_9218,75021.408
Id_6322,78524.292
Id_4989,291816.9408
Id_1419,65596.608
Id_9516,15676.584
Id_8606,153586.5408
Id_181,59338.5408
Id_4352,100499.784
Id_8700,234960.264
Id_2446,119349.384
Id_5321,20263.32
Id_8045,94216.584
Id_5684,90405.8232
Id_3532,153935.2584
Id_8244,147623.784
Id_7976,84791.784
Id_3698,40809.384
Id_70,50234.184
Id_544,97358.184
Id_1204,141368.8584
Id_3078,40809.384
Id_9106,119349.384
Id_9120,245013.384
Id_9680,65621.7408
Id_6180,69083.784
Id_8329,47120.8584
Id_4284,62800.584
Id_4007,172159.68
Id_8713,36125.2584
Id_877,34400.52
Id_8060,55920.48
Id_196,144168.024
Id_9746,28242.984
Id_4010,78508.584
Id_9962,133075.0344
Id_2571,118972.392
Id_3753,157048.584
Id_9247,125632.584
Id_8628,21928.368
Id_9368,203852.1408
Id_6159,72215.9592
Id_4791,116207.784
Id_5337,39109.7784
Id_3024,106782.984
Id_2718,100499.784
Id_8655,69112.0584
Id_6916,113094.4584
Id_3984,150444.9408
Id_7308,65970.4584
Id_5953,68801.04
Id_3844,122490.984
Id_2682,73789.9008
Id_4024,53375.784
Id_8715,84791.784
Id_3139,100499.784
Id_4237,9409.092
Id_218,166347.72
Id_6618,37667.784
Id_9606,21988.0584
Id_5268,175898.184
Id_2543,205083.648
Id_2870,141368.8584
Id_1244,25101.384
Id_420,130549.188
Id_6227,106782.984
Id_2058,128453.7408
Id_8493,84549.8808
Id_6434,28242.984
Id_3422,141340.584
Id_4510,90792.24
Id_1166,34526.184
Id_254,131256.048
Id_415,172756.584
Id_9175,69083.784
Id_3469,21981.7752
Id_3050,210455.784
Id_759,172734.5928
Id_1385,141340.584
Id_654,130721.976
Id_1201,91074.984
Id_2413,113059.9008
Id_5579,69112.0584
Id_5993,15692.292
Id_5294,203852.1408
Id_3055,94216.584
Id_2830,72225.384
Id_2970,238133.28
Id_328,56517.384
Id_4270,169643.2584
Id_5994,43950.984
Id_4392,109924.584
Id_2063,119349.384
Id_8301,109798.92
Id_9013,87933.384
Id_9329,59658.984
Id_5169,50234.184
Id_4429,91074.984
Id_1281,109952.8584
Id_3381,47092.584
Id_2636,135057.384
Id_3328,153906.984
Id_6436,31384.584
Id_5018,80104.5168
Id_7324,43966.692
Id_3795,50249.892
Id_2663,150325.56
Id_8282,65621.7408
Id_1282,31412.8584
Id_4148,90754.5408
Id_1362,43925.8512
Id_1437,116207.784
Id_9628,93619.68
Id_3441,87961.6584
Id_56,75241.32
Id_4597,94169.46
Id_8479,113066.184
Id_5365,78508.584
Id_1844,40809.384
Id_5515,194622.12
Id_8573,40809.384
Id_6263,134162.028
Id_2880,150444.9408
Id_1743,34526.184
Id_8398,84471.3408
Id_4169,75046.5408
Id_5197,28271.2584
Id_8993,90258.168
Id_740,43825.32
Id_9066,73789.9008
Id_1624,131595.3408
Id_524,106462.5408
Id_7999,62800.584
Id_4419,62800.584
Id_5426,68958.12
Id_6689,80107.6584
Id_7382,170651.712
Id_435,40809.384
Id_2960,201030.984
Id_308,89504.184
Id_1565,131039.2776
Id_2631,59658.984
Id_5597,135057.384
Id_9477,40837.6584
Id_401,186076.968
Id_3826,68763.3408
Id_881,78508.584
Id_3997,128774.184
Id_7118,200710.5408
Id_3265,77911.68
Id_8406,103405.764
Id_5009,91103.2584
Id_5736,72225.384
Id_5554,20417.2584
Id_288,119349.384
Id_5564,78508.584
Id_8324,53375.784
Id_2623,28211.568
Id_8859,144168.024
Id_476,109952.8584
Id_8591,115887.3408
Id_9713,65970.4584
Id_6522,109604.1408
Id_3111,171744.9888
Id_9470,392668.584
Id_737,128774.184
Id_3133,81210.36
Id_8047,119377.6584
Id_6551,77245.6608
Id_5407,56517.384
Id_5563,122519.2584
Id_5328,56545.6584
Id_6718,84820.0584
Id_5118,162662.6232
Id_4619,59658.984
Id_3689,65970.4584
Id_7716,84791.784
Id_1839,94153.752
Id_1995,109924.584
Id_2399,136659.6
Id_6510,81665.892
Id_9356,131790.12
Id_4119,94216.584
Id_5894,87612.9408
Id_800,50234.184
Id_8423,91103.2584
Id_7680,131915.784
Id_1405,59687.2584
Id_5431,75366.984
Id_69,84791.784
Id_9543,113094.4584
Id_2759,131915.784
Id_8294,59658.984
Id_1586,37667.784
Id_6666,156728.1408
Id_8014,106154.664
Id_1074,125632.584
Id_3063,47120.8584
Id_6487,81650.184
Id_4705,91074.984
Id_9069,119349.384
Id_2603,78536.8584
Id_7738,78508.584
Id_1579,21988.0584
Id_5058,84471.3408
Id_5753,31258.92
Id_3548,28274.4
Id_409,113066.184
Id_4097,53250.12
Id_6461,113066.184
Id_5601,47108.292
Id_5231,125330.9904
Id_3777,40809.384
Id_2726,92645.784
Id_477,106782.984
Id_1329,47092.584
Id_4035,103641.384
Id_9642,50234.184
Id_1777,166498.5168
Id_6096,31384.584
Id_751,188492.8584
Id_5792,78524.292
Id_4060,177484.692
Id_9041,135057.384
Id_6030,46495.68
Id_5898,213597.384
Id_9338,122170.5408
Id_9160,103044.48
Id_9996,134931.72
Id_5151,89190.024
Id_468,172756.584
Id_1545,113081.892
Id_6311,72225.384
Id_2683,21975.492
Id_8966,40837.6584
Id_6181,78382.92
Id_1025,141340.584
Id_5112,50234.184
Id_8562,170840.208
Id_5368,87933.384
Id_2354,72225.384
Id_7278,84760.368
Id_3602,47092.584
Id_773,37667.784
Id_6773,94216.584
Id_8809,75366.984
Id_3382,28258.692
Id_641,156765.84
Id_4233,75241.32
Id_3815,206993.7408
Id_4104,138198.984
Id_9925,78508.584
Id_1108,62480.1408
Id_3527,122490.984
Id_3495,125632.584
Id_1420,53375.784
Id_6923,59687.2584
Id_3881,134388.2232
Id_8353,43950.984
Id_6245,201313.728
Id_4938,168892.416
Id_6798,156451.68
Id_7812,34554.4584
Id_1680,78508.584
Id_6715,53250.12
Id_633,89535.6
Id_2569,172756.584
Id_7359,100499.784
Id_2166,75366.984
Id_8169,81650.184
Id_8845,80079.384
Id_2825,182181.384
Id_4087,50234.184
Id_6243,87933.384
Id_8364,97373.892
Id_3941,75241.32
Id_9179,115921.8984
Id_8075,219283.68
Id_9195,147623.784
Id_4128,34526.184
Id_1172,254422.476
Id_8668,99802.3488
Id_4222,73796.184
Id_4834,40837.6584
Id_2576,77911.68
Id_1989,69083.784
Id_6973,106782.984
Id_5836,37683.492
Id_4532,50262.4584
Id_3209,109915.1592
Id_3855,78508.584
Id_2628,47070.5928
Id_7803,59658.984
Id_1410,116207.784
Id_8257,37683.492
Id_7386,20417.2584
Id_4303,40809.384
Id_6750,103641.384
Id_6555,56517.384
Id_815,15692.292
Id_2404,141340.584
Id_5397,56517.384
Id_9956,117103.14
Id_2131,43979.2584
Id_1797,100499.784
Id_3090,87933.384
Id_4184,59533.32
Id_4564,47092.584
Id_5030,81650.184
Id_8048,72241.092
Id_122,91090.692
Id_179,166473.384
Id_9250,157048.584
Id_8095,62800.584
Id_6429,106782.984
Id_9737,75366.984
Id_4992,43709.0808
Id_1157,106751.568
Id_9003,62800.584
Id_1532,126009.576
Id_8992,210135.3408
Id_7859,59658.984
Id_9110,53030.208
Id_1535,90405.8232
Id_9259,106154.664
Id_5517,92645.784
Id_2605,62800.584
Id_6127,125632.584
Id_9141,138198.984
Id_7458,116082.12
Id_2177,220920.4536
Id_7990,37667.784
Id_2351,87612.9408
Id_9177,65957.892
Id_3502,47120.8584
Id_2134,144482.184
Id_1480,408408.0
Id_2793,81678.4584
Id_4843,91068.7008
Id_9780,56196.9408
Id_9934,163338.0672
Id_4762,84791.784
Id_7191,113094.4584
Id_6041,87933.384
Id_9636,75046.5408
Id_3445,78536.8584
Id_8149,86362.584
Id_7765,59062.08
Id_3620,78508.584
Id_1952,103641.384
Id_555,226160.6424
Id_4264,37542.12
Id_1163,136062.696
Id_1584,100179.3408
Id_6151,46806.6984
Id_9720,53375.784
Id_5837,21988.0584
Id_5261,75366.984
Id_5239,50262.4584
Id_7913,199114.608
Id_9162,150765.384
Id_1598,31412.8584
Id_7182,292131.1008
Id_300,109924.584
Id_9660,91074.984
Id_6947,73796.184
Id_3794,100217.04
Id_4572,87807.72
Id_4335,59674.692
Id_2858,113094.4584
Id_5694,113066.184
Id_3142,75043.3992
Id_1359,35782.824
Id_4533,84571.872
Id_9749,392668.584
Id_5687,119349.384
Id_486,122484.7008
Id_7836,131915.784
Id_9554,84791.784
Id_5900,34526.184
Id_8116,106462.5408
Id_7362,81650.184
Id_1152,87933.384
Id_5382,53133.8808
Id_9741,207314.184
Id_5424,103638.2424
Id_8807,64387.092
Id_5186,103320.9408
Id_8409,78508.584
Id_6189,75046.5408
Id_9702,137781.1512
Id_8269,34526.184
Id_5314,125632.584
Id_9903,28271.2584
Id_665,50202.768
Id_3353,185040.24
Id_8851,47092.584
Id_8061,40809.384
Id_642,113066.184
Id_9242,109924.584
Id_176,62828.8584
Id_6431,94090.92
Id_9910,106437.408
Id_3438,122490.984
Id_786,78508.584
Id_6391,65970.4584
Id_9065,33772.2
Id_9927,223022.184
Id_3202,31384.584
Id_4803,56517.384
Id_7835,21205.8
Id_7940,122519.2584
Id_91,100499.784
Id_5762,84791.784
Id_9027,56517.384
Id_9504,75125.0808
Id_8237,439195.68
Id_1971,47092.584
Id_2905,203889.84
Id_530,58292.388
Id_3635,75326.1432
Id_996,141340.584
Id_5852,75335.568
Id_4226,99742.6584
Id_5616,150765.384
Id_2312,139769.784
Id_2154,47092.584
Id_5317,213597.384
Id_1427,62828.8584
Id_8630,72253.6584
Id_6032,175898.184
Id_4415,80739.12
Id_8818,78536.8584
Id_3085,122490.984
Id_7798,94216.584
Id_9153,122490.984
Id_8209,152838.84
Id_9573,50234.184
Id_9534,113094.4584
Id_495,46747.008
Id_3749,94216.584
Id_2321,62558.6808
Id_4267,65596.608
Id_3405,46747.008
Id_151,81650.184
Id_7369,78524.292
Id_694,34526.184
Id_4417,75366.984
Id_5697,28258.692
Id_1738,65957.892
Id_3001,115909.332
Id_167,179061.7752
Id_6111,109579.008
Id_4622,169294.5408
Id_2865,78188.1408
Id_8544,53391.492
Id_4702,59658.984
Id_2883,194747.784
Id_3031,70654.584
Id_8183,398951.784
Id_8980,59658.984
Id_8528,17241.1008
Id_5681,145418.3808
Id_7209,172725.168
Id_5991,128799.3168
Id_2276,131915.784
Id_7132,50202.768
Id_5705,34212.024
Id_7998,37696.0584
Id_5292,75046.5408
Id_4304,28258.692
Id_7445,78508.584
Id_428,119349.384
Id_7068,14134.0584
Id_6364,131915.784
Id_4215,116144.952
Id_426,56545.6584
Id_2223,75046.5408
Id_100,50234.184
Id_9244,172756.584
Id_3307,119107.4808
Id_2762,78508.584
Id_5857,59062.08
Id_4738,93619.68
Id_7092,100499.784
Id_9632,197826.552
Id_3286,75125.0808
Id_7712,131595.3408
Id_7868,97358.184
Id_6067,215337.8304
Id_9235,49907.4576
Id_3577,100499.784
Id_1465,37696.0584
Id_7675,18846.4584
Id_2234,53030.208
Id_1744,94216.584
Id_9754,65678.2896
Id_6094,70654.584
Id_8781,36125.2584
Id_9401,43950.984
Id_8371,78508.584
Id_5027,219908.8584
Id_9234,125632.584
Id_3944,34526.184
Id_6862,31412.8584
Id_5350,54566.4504
Id_9422,179039.784
Id_2121,43709.0808
Id_4972,99802.3488
Id_8576,50234.184
Id_3784,150765.384
Id_6872,82727.7528
Id_916,157048.584
Id_9394,80107.6584
Id_7252,144472.7592
Id_8012,232446.984
Id_5821,53404.0584
Id_4403,91103.2584
Id_4863,87587.808
Id_8515,40809.384
Id_5422,141340.584
Id_7733,87933.384
Id_1203,136659.6
Id_3768,247212.504
Id_5357,122490.984
Id_3852,38745.3528
Id_1926,87933.384
Id_3114,91103.2584
Id_2641,55920.48
Id_7639,62800.584
Id_7360,197826.552
Id_8182,122170.5408
Id_7610,31400.292
Id_2728,25117.092
Id_9597,204172.584
Id_4985,56545.6584
Id_6846,200434.08
Id_7698,152838.84
Id_4012,144482.184
Id_2626,91056.1344
Id_7238,34516.7592
Id_8255,59658.984
Id_9565,125632.584
Id_805,50262.4584
Id_4634,72225.384
Id_5247,125632.584
Id_5566,31412.8584
Id_5739,109940.292
Id_5143,389206.5408
Id_8265,65942.184
Id_4459,100217.04
Id_1242,179039.784
Id_6945,109924.584
Id_5740,113066.184
Id_5325,87933.384
Id_547,134736.9408
Id_3022,119028.9408
Id_5761,65942.184
Id_4031,486916.584
Id_26,91074.984
Id_4952,144482.184
Id_5152,163331.784
Id_2508,94216.584
Id_1433,100179.3408
Id_2582,75366.984
Id_1302,87612.9408
Id_5812,125312.1408
Id_7349,119349.384
Id_5281,31412.8584
Id_6114,46966.92
Id_1221,62125.14
Id_7435,122490.984
Id_2548,65942.184
Id_750,150765.384
Id_437,78163.008
Id_4371,84791.784
Id_4448,69083.784
Id_2847,97358.184
Id_1173,84477.624
Id_7495,157048.584
Id_2699,55920.48
Id_9888,156545.928
Id_9506,34541.892
Id_6395,116207.784
Id_2481,69083.784
Id_5456,200434.08
Id_8444,21959.784
Id_2706,45550.0584
Id_4661,62800.584
Id_326,81650.184
Id_1039,116207.784
Id_2637,81650.184
Id_5022,78188.1408
Id_2499,87920.8176
Id_1004,135073.092
Id_2861,56517.384
Id_3233,40809.384
Id_1870,100179.3408
Id_4245,109579.008
Id_6927,150765.384
Id_8385,87587.808
Id_534,248154.984
Id_9827,122487.8424
Id_7148,77873.9808
Id_7365,31384.584
Id_585,94216.584
Id_9914,216418.5408
Id_3035,61261.2
Id_4428,91074.984
Id_4089,28242.984
Id_1703,116207.784
Id_4295,150765.384
Id_5719,122519.2584
Id_491,100499.784
Id_6899,139656.6864
Id_4353,78508.584
Id_2836,157048.584
Id_2266,172756.584
Id_7718,47092.584
Id_9523,241589.04
Id_8022,46772.1408
Id_4707,95071.0992
Id_9843,72193.968
Id_2900,100528.0584
Id_9618,27897.408
Id_2944,169269.408
Id_1916,78188.1408
Id_3185,150765.384
Id_8626,125632.584
Id_9434,59049.5136
Id_7255,147498.12
Id_4246,191543.352
Id_8615,72225.384
Id_5146,134736.9408
Id_8565,197889.384
Id_2518,84791.784
Id_397,135057.384
Id_1317,153906.984
Id_4560,83971.8264
Id_121,132104.28
Id_2449,94090.92
Id_8855,67512.984
Id_8108,75366.984
Id_1566,59658.984
Id_1984,345544.584
Id_4333,53375.784
Id_7910,75366.984
Id_9286,91737.8616
Id_3918,172630.92
Id_2173,157048.584
Id_3283,179203.1472
Id_8495,91103.2584
Id_8584,47092.584
Id_2333,87550.1088
Id_573,101473.68
Id_3660,109949.7168
Id_9075,81650.184
Id_981,21959.784
Id_9370,80739.12
Id_1407,222676.608
Id_535,113059.9008
Id_4315,97358.184
Id_4598,141340.584
Id_8622,78508.584
Id_8758,116207.784
Id_1434,109952.8584
Id_6994,266659.008
Id_2579,81650.184
Id_9403,76937.784
Id_3269,75341.8512
Id_9553,40809.384
Id_3838,75241.32
Id_1867,34086.36
Id_1454,78508.584
Id_1786,69083.784
Id_9912,72225.384
Id_7095,83971.8264
Id_2521,40777.968
Id_4439,56234.64
Id_1820,62800.584
Id_5615,109952.8584
Id_2929,152304.768
Id_51,56517.384
Id_4726,31101.84
Id_5716,112563.528
Id_5465,28271.2584
Id_469,166498.5168
Id_2629,89504.184
Id_6513,109924.584
Id_7467,99871.464
Id_3945,141340.584
Id_6204,65621.7408
Id_4262,185040.24
Id_1858,46966.92
Id_9532,37683.492
Id_865,37667.784
Id_6390,56533.092
Id_7212,91074.984
Id_4921,62800.584
Id_8101,94244.8584
Id_4792,204172.584
Id_8854,89504.184
Id_6250,147498.12
Id_5936,43950.984
Id_425,34526.184
Id_188,69083.784
Id_5629,216748.4088
Id_4359,71879.808
Id_228,78540.0
Id_7757,43950.984
Id_7677,179061.7752
Id_2741,144466.476
Id_1041,53375.784
Id_4075,69077.5008
Id_9140,103669.6584
Id_6118,104552.448
Id_6902,141340.584
Id_471,175521.192
Id_2921,63529.4352
Id_1905,203852.1408
Id_8876,47092.584
Id_801,182181.384
Id_1487,125632.584
Id_8441,141340.584
Id_227,37667.784
Id_7890,216738.984
Id_1128,146461.392
Id_5070,215482.344
Id_9166,87612.9408
Id_2208,147623.784
Id_7993,68273.2512
Id_9842,106500.24
Id_6559,40567.4808
Id_9921,942165.84
Id_3153,109952.8584
Id_4441,91103.2584
Id_7505,87933.384
Id_8957,90754.5408
Id_6215,28271.2584
Id_9598,188464.584
Id_2144,62794.3008
Id_7411,78508.584
Id_8929,56545.6584
Id_2374,75125.0808
Id_2577,62800.584
Id_1632,100374.12
Id_4832,37696.0584
Id_2298,56517.384
Id_5033,367055.1192
Id_156,62828.8584
Id_8046,83535.144
Id_6706,175898.184
Id_3349,138198.984
Id_2879,272480.3928
Id_3413,116207.784
Id_7768,197889.384
Id_4189,125632.584
Id_9610,345544.584
Id_9734,21959.784
Id_7251,201313.728
Id_7613,90258.168
Id_6919,94153.752
Id_9681,194622.12
Id_9671,182181.384
Id_4794,134931.72
Id_5654,109604.1408
Id_2495,31412.8584
Id_7304,21959.784
Id_2372,59687.2584
Id_4091,197889.384
Id_9471,43979.2584
Id_3461,144482.184
Id_7006,78508.584
Id_5391,71904.9408
Id_7172,392037.1224
Id_5696,40837.6584
Id_5664,244344.2232
Id_4503,28242.984
Id_2550,75125.0808
Id_4715,81650.184
Id_847,47092.584
Id_3344,47092.584
Id_938,81650.184
Id_4825,282744.0
Id_9693,102070.584
Id_8863,9409.092
Id_8610,47092.584
Id_5354,91074.984
Id_5477,97386.4584
Id_9723,138189.5592
Id_756,84791.784
Id_4750,150724.5432
Id_2644,172756.584
Id_4162,307562.64
Id_8648,153935.2584
Id_3165,34526.184
Id_6497,53250.12
Id_5987,81650.184
Id_3873,106462.5408
Id_7751,150759.1008
Id_6523,37667.784
Id_3418,141020.1408
Id_9904,23558.8584
Id_2061,34541.892
Id_549,160190.184
Id_4453,87587.808
Id_2812,163206.12
Id_8777,113066.184
Id_8995,62800.584
Id_2549,56196.9408
Id_6069,62203.68
Id_3169,106594.488
Id_7054,56454.552
Id_4828,113066.184
Id_9570,92325.3408
Id_1259,241589.04
Id_8712,191285.7408
Id_3661,62800.584
Id_7922,125312.1408
Id_1024,62800.584
Id_4965,47120.8584
Id_752,43354.08
Id_3942,169614.984
Id_3710,21928.368
Id_9960,137869.116
Id_1951,78508.584
Id_6314,89504.184
Id_351,34554.4584
Id_1511,94216.584
Id_4829,53375.784
Id_9616,103220.4096
Id_3746,75043.3992
Id_5799,53391.492
Id_701,122490.984
Id_3693,34554.4584
Id_4614,160111.644
Id_7213,87933.384
Id_561,329239.68
Id_2318,40809.384
Id_3098,75366.984
Id_4838,103672.8
Id_3150,78508.584
Id_5608,91074.984
Id_4299,78188.1408
Id_4618,59658.984
Id_4074,56517.384
Id_3994,40061.6832
Id_6373,147648.9168
Id_6167,87933.384
Id_1047,75395.2584
Id_2939,86362.584
Id_1808,71895.516
Id_3166,182197.092
Id_414,68486.88
Id_1340,109924.584
Id_9371,77424.732
Id_7740,182181.384
Id_5060,68873.2968
Id_4633,90754.5408
Id_4609,87933.384
Id_7366,91074.984
Id_1469,81678.4584
Id_1710,56545.6584
Id_6270,119377.6584
Id_8732,122490.984
Id_2271,34526.184
Id_1583,72253.6584
Id_1412,94090.92
Id_4111,28211.568
Id_7652,94216.584
Id_6693,81650.184
Id_1722,78508.584
Id_2024,112940.52
Id_2212,87933.384
Id_1507,29531.04
Id_2622,37542.12
Id_5290,113066.184
Id_9128,100515.492
Id_1321,140900.76
Id_842,28242.984
Id_1146,135057.384
Id_3624,37667.784
Id_4280,99243.144
Id_9010,113094.4584
Id_8986,34554.4584
Id_4681,21834.12
Id_463,87933.384
Id_1754,157048.584
Id_3936,144482.184
Id_7933,15692.292
Id_9460,125632.584
Id_4401,150765.384
Id_4700,47120.8584
Id_8991,125632.584
Id_378,37696.0584
Id_3106,84549.8808
Id_8215,106500.24
Id_1335,125632.584
Id_1223,34526.184
Id_3848,181238.904
Id_2716,17247.384
Id_6837,53375.784
Id_2952,141277.752
Id_1350,125632.584
Id_1082,100499.784
Id_6453,47120.8584
Id_1811,82551.8232
Id_4121,75366.984
Id_1351,91074.984
Id_7817,113066.184
Id_8796,87933.384
Id_1894,81260.6256
Id_6639,68958.12
Id_565,94244.8584
Id_3903,100499.784
Id_7100,37278.2256
Id_3673,78508.584
Id_4366,47120.8584
Id_7545,52464.72
Id_1212,109846.044
Id_1189,87606.6576
Id_3955,138198.984
Id_898,62800.584
Id_4786,91090.692
Id_8092,103657.092
Id_4602,21975.492
Id_8896,98960.4
Id_3454,37667.784
Id_3609,210455.784
Id_8157,157048.584
Id_8765,156608.76
Id_9677,65942.184
Id_7572,78188.1408
Id_3909,69083.784
Id_4028,106782.984
Id_3931,47108.292
Id_2332,103339.7904
Id_7302,125632.584
Id_2262,109915.1592
Id_9260,118595.4
Id_5781,94244.8584
Id_2595,69083.784
Id_7200,71220.072
Id_3593,282712.584
Id_5216,34526.184
Id_1030,223022.184
Id_7433,91106.4
Id_7877,247212.504
Id_8823,23558.8584
Id_8236,62828.8584
Id_5733,65942.184
Id_5378,119349.384
Id_7762,84791.784
Id_1755,131915.784
Id_7355,119107.4808
Id_4161,78508.584
Id_231,84549.8808
Id_8104,50249.892
Id_110,61254.9168
Id_5457,210455.784
Id_6708,106751.568
Id_2514,25101.384
Id_5961,91090.692
Id_4279,210455.784
Id_4720,72225.384
Id_2917,115705.128
Id_9390,75366.984
Id_2992,59658.984
Id_2317,53391.492
Id_4847,109924.584
Id_4292,81650.184
Id_6991,56517.384
Id_1515,182181.384
Id_216,315306.684
Id_9213,15704.8584
Id_9061,84791.784
Id_8417,78508.584
Id_2263,103641.384
Id_5326,157048.584
Id_6840,105887.628
Id_8498,43925.8512
Id_6010,392668.584
Id_893,70654.584
Id_1490,103669.6584
Id_3003,71942.64
Id_1850,59687.2584
Id_5199,109915.1592
Id_6380,116207.784
Id_324,37667.784
Id_1215,31412.8584
Id_2899,122519.2584
Id_2933,116207.784
Id_3658,68486.88
Id_8678,33772.2
Id_6673,68486.88
Id_7972,47108.292
Id_8586,94216.584
Id_6169,47108.292
Id_9724,40140.2232
Id_1129,28242.984
Id_8856,47092.584
Id_2918,93274.104
Id_3902,113066.184
Id_7947,37667.784
Id_9097,97358.184
Id_3827,257579.784
Id_4923,34526.184
Id_208,26694.1752
Id_3254,40809.384
Id_2795,106657.32
Id_5106,72253.6584
Id_9011,47092.584
Id_798,62203.68
Id_9105,43944.7008
Id_734,125632.584
Id_2244,223022.184
Id_178,196858.9392
Id_5830,140929.0344
Id_7008,55889.064
Id_1174,100528.0584
Id_6642,72225.384
Id_5848,34526.184
Id_1831,86236.92
Id_7995,210135.3408
Id_9279,97326.768
Id_7897,122490.984
Id_8597,100499.784
Id_8522,31381.4424
Id_198,47092.584
Id_7928,89504.184
Id_7076,125601.168
Id_9284,80079.384
Id_1097,25129.6584
Id_548,87958.5168
Id_6908,94153.752
Id_8229,94216.584
Id_4706,64387.092
Id_6912,47108.292
Id_3369,131915.784
Id_7583,58088.184
Id_2532,80079.384
Id_4055,87612.9408
Id_2314,122490.984
Id_6653,72162.552
Id_6885,109924.584
Id_5937,50234.184
Id_2815,52499.2776
Id_3437,163806.1656
Id_3880,97358.184
Id_4157,46966.92
Id_66,266684.1408
Id_7866,128774.184
Id_616,95071.0992
Id_1118,15704.8584
Id_3260,282712.584
Id_3401,266684.1408
Id_3692,68958.12
Id_937,228708.48
Id_6604,78188.1408
Id_2572,43950.984
Id_7536,72225.384
Id_6324,282744.0
Id_622,71904.9408
Id_1681,147498.12
Id_2126,213597.384
Id_787,45521.784
Id_3332,37696.0584
Id_7236,117103.14
Id_1092,34284.2808
Id_9103,31258.92
Id_5020,43979.2584
Id_9353,84760.368
Id_5944,56196.9408
Id_3280,42408.4584
Id_8186,72225.384
Id_2201,122490.984
Id_1160,47092.584
Id_5581,131915.784
Id_3592,31412.8584
Id_3952,116207.784
Id_9691,113066.184
Id_6247,53391.492
Id_4153,23558.8584
Id_478,116207.784
Id_1352,37683.492
Id_4309,181882.932
Id_5698,119066.64
Id_2647,77911.68
Id_8460,61261.2
Id_8198,103669.6584
Id_7689,78508.584
Id_9257,94216.584
Id_2589,59658.984
Id_1033,72225.384
Id_4686,94216.584
Id_5011,43950.984
Id_2598,122490.984
Id_5819,103641.384
Id_4608,28271.2584
Id_8470,122484.7008
Id_9040,135057.384
Id_7450,87933.384
Id_4671,147623.784
Id_5583,47108.292
Id_3717,31412.8584
Id_9327,118752.48
Id_3928,175926.4584
Id_3617,59658.984
Id_1425,25123.3752
Id_9378,150444.9408
Id_2919,103320.9408
Id_3819,219896.292
Id_1871,144482.184
Id_5487,56545.6584
Id_480,81650.184
Id_5972,113066.184
Id_9600,51804.984
Id_2888,81650.184
Id_6686,106782.984
Id_6315,166489.092
Id_527,56545.6584
Id_4129,78477.168
Id_722,122208.24
Id_5120,90446.664
Id_4722,59687.2584
Id_220,81650.184
Id_9188,46809.84
Id_1935,94090.92
Id_344,94090.92
Id_8332,87933.384
Id_9674,62800.584
Id_4483,68486.88
Id_9706,40809.384
Id_8486,94216.584
Id_9216,31384.584
Id_6903,19741.8144
Id_9154,172734.5928
Id_5960,91074.984
Id_7034,87933.384
Id_6051,50234.184
Id_2391,122487.8424
Id_7181,59687.2584
Id_4328,200996.4264
Id_6452,370677.384
Id_1983,34541.892
Id_8246,52778.88
Id_1554,94216.584
Id_4850,103641.384
Id_9095,69083.784
Id_9922,128774.184
Id_7532,18818.184
Id_6853,84791.784
Id_4641,94216.584
Id_2881,62800.584
Id_1677,97358.184
Id_4885,115538.6232
Id_1964,178914.12
Id_901,53375.784
Id_7130,125632.584
Id_3068,122365.32
Id_2296,47120.8584
Id_6237,147652.0584
Id_5862,89504.184
Id_296,94090.92
Id_8778,43966.692
Id_57,179039.784
Id_7242,18221.28
Id_4385,78382.92
Id_2984,69083.784
Id_27,157048.584
Id_4407,94244.8584
Id_9877,62800.584
Id_2676,62791.1592
Id_8545,94153.752
Id_5262,59687.2584
Id_5841,28242.984
Id_7021,179203.1472
Id_3248,94216.584
Id_5667,100528.0584
Id_3884,147652.0584
Id_7663,134162.028
Id_295,21981.7752
Id_3161,28271.2584
Id_2580,103657.092
Id_3870,43957.2672
Id_9210,65970.4584
Id_4404,87933.384
Id_6952,34526.184
Id_648,197889.384
Id_1370,150444.9408
Id_9855,144482.184
Id_6992,37696.0584
Id_5532,219868.0176
Id_9620,73824.4584
Id_5708,105212.184
Id_4209,91106.4
Id_681,40809.384
Id_434,47108.292
Id_9309,43950.984
Id_4824,103641.384
